AROM_A_,1,德米诺酒庄，西乐苏珊系列托龙特斯白,"Dominio Del Plata, Crios de Susana Balbo  Torrontes",White,"Argentina, Salta, ",2013,14,,是,Torrontes ; ; ; ; ; ; ; ;,,,,,
AROM_A_,2,帕索帕索特浓情白葡萄酒,PASO A PASO TORRONTES,White,"Argentina, , ",2013,,,,TORRONTES  1; ; ; ; ; ; ; ;,,,,,
AROM_B_,3,朝凯蓝玛薇娜琼瑶浆,Chocalan Malvilla Gewurztraminer ,White,"Chile, San Antonio Valley, ",2012,13.5,,是,Gewurztraminer>1;>;>;>;>;>;>;>;,,,,,
AROM_B_,4,艾博智城堡干白葡萄酒,Domaine Des Herbauges 2012,White,"France, Loire Valley, ",2012,12.0%,,是,Muscadet>1;>;>;>;>;>;>;>;,,,,,
CH_A_1_,1,沃悦客酒庄，第一夫人霞多丽白,"Warwick, The First Lady Unoaked Chardonnay ",White,"South Africa, Stellenbosch, ",2013,13,,是,Chardonnay>;>;>;>;>;>;>;>;,,,,,
CH_A_1_,2,思兰尼“小屋”莎当妮白葡萄酒,THE LODGE CHARDONNAY HAWKS BAY  ,White,"New Zealand, New Zealand, ",2012,,,,Chardonnay>1;>;>;>;>;>;>;>;,,,,,
CH_A_1_,3,鸭子湖,Duck Point（chardonnay),White,"New Zealand, Gisborne, N/A",2012,12.70%,1.0 G/L,Oaked,Chardonnay>1;>;>;>;>;>;>;>;,,,,,
CH_A_1_,4,宝米诺白,Pomino Bianco DOC,White,"Italy, Tuscany, Castello di Pomino",2011,12.5,,是,Chardonnay>0.8;Pinot Blanc>0.2;>;>;>;>;>;>;,,,,,
CH_A_1_,5,亨利默杰勃艮第霞多丽白葡萄酒,HENRI MEURGEY BOURGOGNE CHARDONNAY AOC,White,"France, Burgundy, Bourgogne",2010,,,,Chardonnay>1;>;>;>;>;>;>;>;,,,,,
CH_A_1_,6,帕克特庄园普依福斯白葡萄酒,POUILLY FUISSE BLANC,White,"France, Burgundy, Pouilly Fuisse",2011,,,,Chardonnay>1;>;>;>;>;>;>;>;,,,,,
CH_A_1_,7,吉恩克劳德库尔托庄园夏布利白葡萄酒,JEAN CLAUDE COURTAULT CHABLIS ,White,"France, Burgundy, Chablis",2011,,,,Chardonnay>1;>;>;>;>;>;>;>;,,,,,
CH_A_1_,8,"爱柏""传承1831""勃艮第霞多丽白葡萄酒","Albert Bichot Bourgogne Chardonnay ""Heritage 1831""",White,"France, Burgundy, ",2012,13,,是,Chardonnay>;>;>;>;>;>;>;>;,,,,,
CH_A_2_,1,骏琪霞多丽白葡萄酒,Dark Horse™ Chardonnay,White,"USA, California, ",2012,13.5,,是,Chardonnay>1;>;>;>;>;>;>;>;,,,,,
CH_A_2_,2,橡树岭牌霞多丽白葡萄酒,Oakridge Over The Shoulder Chardonnay,White,"Australia, South Eastern Australia, Yarra Valley",2013,12.5,,是,Chardonnay>1;>;>;>;>;>;>;>;,,,,,
CH_A_2_,3,禾富酒园黄牌莎当尼干白葡萄酒,Wolf Blass Yellow Label Chardonnay,White,"Australia, South Australia, ",2013,,,,Chardonnay>;>;>;>;>;>;>;>;,,,,,
CH_A_2_,4,吧王（领峰）雪当利白葡萄酒,Barwang The Wall Chardonnay,White,"Australia, South Eastern Australia, New South Wales",2013,13.10%,5.92,Oaked,Chardonnay>1;>;>;>;>;>;>;>;,,,,,
CH_A_2_,5,格兰伯爵第五代巴罗萨霞多丽白葡萄酒,5TH GENERATION BAROSSA CHARDONNAY ,White,"Australia, , ",2012,,,,Chardonnay>1;>;>;>;>;>;>;>;,,,,,
CH_A_2_,6,复活节岛珍藏莎当妮白葡萄酒,ISLAND EASTER RESERVA CHARDONNAY BLANCO,Off-Dry White,"Chile, , ",2013,,,,Chardonnay>1;>;>;>;>;>;>;>;,,,,,
CH_A_2_,7,天使鱼霞多丽白葡萄酒,Angelfish Chardonnay,Off-Dry White,"Australia, South Eastern Australia, ",2013,13,,是,Chardonnay>;>;>;>;>;>;>;>;,,,,,
CH_A_2_,8,嘉露家族霞多丽白葡萄酒,Gallo Family Vineyard Chardonnay,Off-Dry White,"USA, California, ",NV,12,,是,Chardonnay>1;>;>;>;>;>;>;>;,,,,,
CH_B_,1,多吉帕特酒庄莎当妮白葡萄酒,Dog Point Chardonnay,White,"New Zealand, Marlborough, ",2010,13,,是,Chardonnay>1;>;>;>;>;>;>;>;,,,,,
CH_B_,10,肯德杰克逊庄园 珍藏霞多丽,"Kendall Jackson, Vintner’s Reserve, Chardonnay",Off-Dry White,"USA, California, ",2012,13.5,,是,Chardonnay>100;>;>;>;>;>;>;>;,,,,,
CH_B_,11,美诺颂霞多丽白葡萄酒,Mirassou Chardonnay White Wine,Off-Dry White,"USA, California, ",2011,13.5,,是,Chardonnay>1;>;>;>;>;>;>;>;,,,,,
CH_B_,2,胡氏父子酒庄，圣欧班白,"Roux Père & Fils, Saint Aubin “la Pucelle”, AOP ",White,"France, Burgundy, ",2011,13,,是,Chardonnay>;>;>;>;>;>;>;>;,,,,,
CH_B_,3,耶尔曼威尼斯朱利亚霞多丽白葡萄酒,CHARDONNAY JERMANN  VENEZIA GIULIA BIANCO  Chardonnay,White,"Italy, North Italy, VENEZIA GIULIA",2011,,,,Chardonnay>1;>;>;>;>;>;>;>;,,,,,
CH_B_,4,玛丽娜.莎当妮白葡萄酒,Masciarelli Marina Cvetic Chardonnay,White,"Italy, Central Italy, Abruzzo",2009,14.5%,,24个月,Chardonnay>1;>;>;>;>;>;>;>;,,,,,
CH_B_,5,法拉利卡诺酒庄，霞多丽白,"Ferrari-Carano, Chardonnay ",White,"USA, California, ",2012,14.1,,是,Chardonnay>;>;>;>;>;>;>;>;,,,,,
CH_B_,6,德保利雅拉谷原生霞多丽,Yarra Valley Estate Grown Chardonnay,White,"Australia, South Eastern Australia, Yarra Valley",2011,12.0%,6.1,是,Chardonnay>1;>;>;>;>;>;>;>;,,,,,
CH_B_,7,禾富酒园金牌莎当尼干白葡萄酒,Wolf Blass Gold Label Chardonnay,White,"Australia, South Australia, Adelaide Hills",2012,,,,Chardonnay>;>;>;>;>;>;>;>;,,,,,
CH_B_,8,禾富酒园总统特选莎当尼干白葡萄酒,Wolf Blass Presidents Selection Chardonnay,White,"Australia, South Australia, ",2011,,,,Chardonnay>;>;>;>;>;>;>;>;,,,,,
CH_B_,9,布里克林庄园橡木桶莎当妮白葡萄酒,Blikling Estate wooded Chardonnay,White,"Australia, South Eastern Australia, New South Wales",2008,13.2%,,是,Chardonnay>;>;>;>;>;>;>;>;,,,,,
CN_CH_A_,1,西夏王玉泉国际酒庄霞多丽干白（佳品）,XIXIA KING Dry white wine Chardonnay,White,"China, Helan Moutain贺兰山东麓, 玉泉营",2013,11.5,,是,Chardonnay>1;>;>;>;>;>;>;>;,,,,,
CN_CH_A_,2,金酿霞多丽2012,kin chardonnay 2012,White,"China, Huailai怀来, 官厅湖南岸",2012,12,,是,Chardonnay>1;>;>;>;>;>;>;>;,,,,,
CN_CH_A_,3,贺东庄园霞多丽干白葡萄酒,Hedong Manor Chardonnay dry white wine  ,White,"China, Ningxia 宁夏贺兰山东麓, 石嘴山",2013,12.3,,是,Chardonnay>1;>;>;>;>;>;>;>;,,,,,
CN_CH_A_,4,贺兰山经典霞多丽干白葡萄酒,Helan Mountain Classic Chardonnay,White,"China, Ningxia 宁夏, 贺兰山东麓",2010,13,,是,Chardonnay>1;>;>;>;>;>;>;>;,,,,,
CN_CH_A_,5,贺兰山珍藏霞多丽干白葡萄酒,Helan Mountain Special Reserve Chardonnay,White,"China, Ningxia 宁夏, 贺兰山东麓",2011,13,,是,Chardonnay>1;>;>;>;>;>;>;>;,,,,,
CN_CH_A_,6,2013 九顶庄园 霞多丽珍藏干白葡萄酒,2013 nine peaks Chardonnay Reserva,White,"China, 山东Shandong, 青岛Qingdao",2013,12.5,1.7,否,Chardonnay>1;>;>;>;>;>;>;>;,,,,,
CN_CH_B_,7,尼雅珍藏级霞多丽干白葡萄酒,NIYA Chardonnay Dry White Wine,White,"China, Xingjiang 新疆, 天山北麓",2012,13%Vol,,是,Chardonnay>100%;>;>;>;>;>;>;>;,,,,,
CN_CH_B_,8,家和莎当妮干白葡萄酒,Jiahe Wine chardonnay,White,"China, He Bei 河北, 沙城",,0.115,,,Chardonnay>;>;>;>;>;>;>;>;,,,,,
CN_CS_A_,1,兰山玉卓（赤霞珠）,Lan Shan Jade,Red,"China, Ningxia 宁夏, 银川贺兰山东麓",2011,13,,是,Cabernet Sauvignon>;>;>;>;>;>;>;>;,,,,,
CN_CS_A_,10,2012 九顶庄园珍藏干红葡萄酒,2012 nine peaks reserva,Red,"China, 山东Shandong, 青岛Qingdao",2012,13.5,3.4,是,Cabernet Sauvignon>1;>;>;>;>;>;>;>;,,,,,
CN_CS_A_,11,2012 九顶庄园干红葡萄酒,2012 nine peaks,Red,"China, 山东Shandong, 青岛Qingdao",2012,13.5,3.2,否,Cabernet Sauvignon>1;>;>;>;>;>;>;>;,,,,,
CN_CS_A_,2,兰山玉卓（赤霞珠美乐）,Lan Shan Jade,Red,"China, Ningxia 宁夏, 银川贺兰山东麓",2011,13,,是,Cabernet Sauvignon>;Merlot>;>;>;>;>;>;>;,,,,,
CN_CS_A_,3,尼雅特酿级A区赤霞珠干红葡萄酒,NIYA Cabernet Sauvignon Dry Red Wine Area A,Red,"China, Xingjiang 新疆, 天山北麓",2012,12.5,,是,Cabernet Sauvignon>1;>;>;>;>;>;>;>;,,,,,
CN_CS_A_,4,西夏王玉泉国际酒庄赤霞珠（珍品）干红,XIXIA KING Dry red wine Cabernet Sauvignon,Red,"China, 贺兰山东麓, 玉泉营",2012,12,,是,Cabernet Sauvignon>100%;>;>;>;>;>;>;>;,,,,,
CN_CS_A_,5,达祖干红葡萄酒,DAZUWINE,Red,"China, Si Chuan 四川, 泸沽湖",2013,12.5,,是,Cabernet Sauvignon>1;>;>;>;>;>;>;>;,,,,,
CN_CS_A_,6,四星精品干红葡萄酒,Red Wine four-star boutique,Red,"China, Ningxia 宁夏贺兰山东麓, 玉泉营",2013,13.3,,是,Cabernet Sauvignon>0.5;Cabernet Gernischt>0.5;>;>;>;>;>;>;,,,,,
CN_CS_A_,7,贺东庄园赤霞珠干红葡萄酒,Hedong Manor Cabernet Sauvignon dry red wine,Red,"China, Ningxia 宁夏贺兰山东麓, 石嘴山",2012,12.7,,是,Cabernet Sauvignon>0.85;Syrah>0.15;>;>;>;>;>;>;,,,,,
CN_CS_A_,8,贺兰山经典赤霞珠干红葡萄酒,Helan Mountain Classic Cabernet Sauvignon,Red,"China, Ningxia 宁夏, 贺兰山东麓",2010,14,,是,Cabernet Sauvignon>1;>;>;>;>;>;>;>;,,,,,
CN_CS_A_,9,贺兰山珍藏赤霞珠干红葡萄酒,Helan Mountain Special Reserve Cabernet Sauvignon,Red,"China, Ningxia 宁夏, 贺兰山东麓",2010,14,,是,Cabernet Sauvignon>1;>;>;>;>;>;>;>;,,,,,
CN_CS_B_,1,莫高窟迟采串选赤霞珠干红葡萄酒,Mogaoku Chicachuanixuan Cabernet Sauvignon dry red wine,Red,"China, Gan Su 甘肃, 敦煌",2012,13,,是,Cabernet Sauvignon>13;>;>;>;>;>;>;>;,,,,,
CN_CS_B_,2,莫高窟迟采粒选赤霞珠干红葡萄酒,Mogaoku Chicailixuan Cabernet Sauvignon dry red wine,Red,"China, Gan Su 甘肃, 敦煌",2012,13,,是,Cabernet Sauvignon>85;>;>;>;>;>;>;>;,,,,,
CN_CS_B_,3,汉森庄园干红葡萄酒（2008）,HANSEN Chateau Dry Red Wine(2008）,Red,"China, 乌海, ",2008,14,,是,Cabernet Sauvignon>0.7;Cabernet Gernischt>0.25;Cabernet Franc>0.05;>;>;>;>;>;,,,,,
CN_CS_B_,4,留世，传奇限量珍藏红葡萄酒,"Legacy Peak, Cabernet Sauvignon & Merlot",Red,"China, Ningxia, ",2011,13.5,,是,Cabernet Sauvignon>0.7;Merlot>0.3;>;>;>;>;>;>;,,,,,
CN_CS_B_,5,尼雅2012年份粒选赤霞珠干红葡萄酒,NIYA  Cabernet Sauvignon Dry Red Wine 2012 Vintage,Red,"China, Xingjiang 新疆, 天山北麓",2012,14%Vol,,是,Cabernet Sauvignon>100%;>;>;>;>;>;>;>;,,,,,
CN_CS_B_,6,贺尊窖藏赤霞珠干红,Cabernet sauvignon dry red,Red,"China, Ningxia 宁夏贺兰山东麓, 玉泉营",2012,13.5,,是,Cabernet Sauvignon>1;>;>;>;>;>;>;>;,,,,,
CN_CS_B_,7,金酿赤霞珠干红葡萄酒,KIN CS,Red,"China, 怀来, 东花园",2012,14.5,,是,Cabernet Sauvignon>0.9;>;>;>;>;>;>;>;,,,,,
CN_CS_B_,8,赤霞珠干红葡萄酒（威兰尼诺）,Wei Lan Ni Nuo Cabernet Sauvignon,Red,"China, Ningxia 宁夏, 贺兰山东麓",2013,14%,2,   是,Cabernet Sauvignon>0.8;Merlot>0.16;Cabernet Gernischt>0.04;>;>;>;>;>;,,,,,
CN_CS_B_,9,赤霞珠干红葡萄酒（圣威兰）,Sheng Wei Lan Cabernet Sauvignon,Red,"China, Ningxia 宁夏, 贺兰山东麓",2013,14%,2,   是,Cabernet Sauvignon>0.8;Merlot>0.2;>;>;>;>;>;>;,,,,,
CN_DESS_A_,1,迟采霜红葡萄酒,Late-harvest Red wine,Sweet Red,"China, 乌海, ",2013,11,,是,Cabernet Sauvignon>1;>;>;>;>;>;>;>;,,,,,
CN_DESS_A_,2,晚摘山葡萄,wild grape wine ,Sweet Red,"China, 东北, ",2012,10,,是,Vitis amurensis Rupr. 山葡萄>1;>;>;>;>;>;>;>;,,,,,
CN_DESS_B_,3,塔山红酒庄---半干型山葡萄黒酒,TaShan Chateau----Semi dry  mountain grape black liquor,Off-Dry Red,"China, Ji Lin 吉林, 四平",2013,12.5,,是,双红>1;>;>;>;>;>;>;>;,,,,,
CN_DESS_B_,4,白冰葡萄酒,white ice,Sweet white,"China, 辽宁桓仁, ",2010,11,,是,Vidal>1;>;>;>;>;>;>;>;,,,,,
CN_ME_A_,1,2012 兰一经典窖藏干红,CHAteau Lanny Grand reserve 2012,Red,"China, Ningxia 宁夏, 贺兰山东麓",2012,13.4,,是,Merlot>0.85;Cabernet Sauvignon>0.15;>;>;>;>;>;>;,,,,,
CN_ME_A_,2,珍藏梅鹿辄葡萄酒,Selected Merlot Wine,Red,"China, 乌海, ",2009,13,,是,Merlot>1;>;>;>;>;>;>;>;,,,,,
CN_ME_A_,3,贺兰山经典梅洛葡萄酒,Helan Mountain Classic Merlot,Red,"China, Ningxia 宁夏, 贺兰山东麓",2011,14.5,,是,Merlot>1;>;>;>;>;>;>;>;,,,,,
CN_ME_A_,4,贺兰山珍藏梅洛干红葡萄酒,Helan Mountain Special Reserve Cabernet Sauvignon,Red,"China, 银川, 贺兰山东麓",2010,14,,是,Merlot>1;>;>;>;>;>;>;>;,,,,,
CN_ME_B_,5,2013兰一经典窖藏梅鹿辄,CHateau Lanny Merlot Grand Reserve 2013,Red,"China, Ningxia 宁夏, 贺兰山东麓",2013,13.7,,是,Merlot>1;>;>;>;>;>;>;>;,,,,,
CN_ME_B_,6,2011 兰一经典窖藏干红,CHATEAU Lanny Grand Reserve 2011,Red,"China, Ningxia 宁夏, 贺兰山东麓",2011,13.2,,是,Merlot>0.85;Cabernet Sauvignon>0.15;>;>;>;>;>;>;,,,,,
CN_OTR_A_,1,莫高窟典藏黑比诺,Mogaoku Diancang Pinot Noir dry red wine,Red,"China, Gan Su 甘肃, 敦煌",2012,13,,是,Pinot Noir>85;>;>;>;>;>;>;>;,,,,,
CN_OTR_A_,2,汉森雄鹰蛇龙珠干红葡萄酒,HANSEN Tercel Cabernet Gernischet  Dry Red Wine,Red,"China, 乌海, ",NV,12.5,,是,Cabernet Gernischt>1;>;>;>;>;>;>;>;,,,,,
CN_OTR_A_,3,西夏王玉泉国际酒庄蛇龙珠干红（上品）,XIXIA KING Dry red wine Cabernet Gernischt,Red,"China, 贺兰山东麓, 玉泉营",2012,12,,是,Cabernet Gernischt>1;>;>;>;>;>;>;>;,,,,,
CN_OTR_A_,4,2012至尊蛇龙珠干红葡萄酒,2012 extreme cabernetgernischt dry red Wine,Red,"China, Ningxia 宁夏贺兰山东麓, 玉泉营",2012,12.6,,是,Cabernet Gernischt>1;>;>;>;>;>;>;>;,,,,,
CN_OTR_A_,5,贺兰山珍藏黑品乐干红葡萄酒,Helan Mountain Special Reserve Pinot Noir,Red,"China, Ningxia 宁夏, 贺兰山东麓",2010,13.5,,是,Pinot Noir>1;>;>;>;>;>;>;>;,,,,,
CN_OTR_B_,10,家和国韵蛇龙珠干红葡萄酒,Jiahe Wine Cabernet Gernischt,Red,"China, He Bei 河北, 沙城",,0.12,,,Cabernet Gernischit>;>;>;>;>;>;>;>;,,,,,
CN_OTR_B_,6,塔山红酒庄---干型山葡萄黒酒,TaShan Chateau----Dry mountain grape black liquor,Red,"China, Ji Lin 吉林, 四平",2013,12.5,,是,双红>100;>;>;>;>;>;>;>;,,,,,
CN_OTR_B_,7,贺尊窖藏蛇龙珠干红,SheLongZhu dry red,Red,"China, Ningxia 宁夏贺兰山东麓, 玉泉营",2012,13.5,,是,Cabernet Gernischt>1;>;>;>;>;>;>;>;,,,,,
CN_OTR_B_,8,Ningxia 宁夏红集团沙坡头蛇龙珠2012,Ningxiahong group Shapotou Manor wine(Cabernet Gernischt 2012),Red,"China, Ningxia 宁夏, ",2012,13,,是,Cabernet Gernischt>0.9;>;>;>;>;>;>;>;,,,,,
CN_OTR_B_,9,Ningxia 宁夏红集团沙坡头蛇龙珠2011,Ningxiahong group Shapotou Manor wine(Cabernet Gernischt 2011),Red,"China, Ningxia 宁夏, ",2011,12.3,,是,Cabernet Gernischt>0.9;>;>;>;>;>;>;>;,,,,,
CN_OTW_A_,1,2013兰一灰比诺干白,CHAteau LANNY Pinot Grigio 2013,White,"China, Ningxia 宁夏, 贺兰山东麓",2013,12.9,,是,Pinot Gris>0.95;Chardonnay>0.05;>;>;>;>;>;>;,,,,,
CN_OTW_A_,2,尼雅优酿级雷司令干白葡萄酒,NIYA Riesling Dry White Wine,White,"China, Xingjiang 新疆, 天山北麓",2012,12%Vol,,是,Riesling>100%;>;>;>;>;>;>;>;,,,,,
CN_OTW_A_,3,西夏王玉泉国际酒庄贵人香干白（金品）,XIXIA KING Dry white wine Italian Riesling,White,"China, Helan Mountain贺兰山东麓, 玉泉营",2013,11.5,,是,Italian Riesling>1;>;>;>;>;>;>;>;,,,,,
CN_ROSE_A_,1,西夏王桃红葡萄酒,XIXIA KING Dry rose wine,Rose,"China, Helan Mountain贺兰山东麓, 玉泉营",2013,11.5,,是,Cabernet Sauvignon>1;>;>;>;>;>;>;>;,,,,,
CN_ROSE_A_,2,马丁庄园桃红葡萄酒,matinvineyard  rose wine,Rose,"China, He Bei 河北怀来, 沙城产区",2013,12,,是,Cabernet Sauvignon>1;>;>;>;>;>;>;>;,,,,,
CN_ROSE_A_,3,马丁庄园黑比诺桃红葡萄酒,matinvineyard  Pinot Noir rose wine,Rose,"China, He Bei 河北怀来, 沙城产区",2013,12,,是,Pinot Noir>1;>;>;>;>;>;>;>;,,,,,
CS_A_,1,野性王座赤霞珠红葡萄酒,Wild Throne Cabernet Sauvignon,Red,"South Africa, Western Cape, ",2012,13.5,,是,Cabernet Sauvignon>1;>;>;>;>;>;>;>;,,,,,
CS_A_,10,复活节岛珍藏赤霞珠红葡萄酒,ISLAND EASTER RESERVA CABERNET SAUVIGNON,Off-dry Red,"Chile, Central Valley, Central Valley",2012,,,,Cabernet Sauvignon>0.85;Merlot>0.15;>;>;>;>;>;>;,,,,,
CS_A_,11,嘉露家族赤霞珠红葡萄酒,Gallo Family Vineyard Cabernet Sauvignon,Off-Dry Red,"USA, California, ",NV,12.5,,是,Cabernet Sauvignon>1;>;>;>;>;>;>;>;,,,,,
CS_A_,2,圣卡罗家族珍藏加本纳沙威浓红葡萄酒,Reserva de Familia Cabernet Sauvignon,Red,"Chile, Maipo Valley, sub-region (optional)",2011,14.5,Sweetness,是,Cabernet Sauvignon>100;>;>;>;>;>;>;>;,,,,,
CS_A_,3,迷赛奥高级赤霞珠红葡萄酒,Misiones de Rengo,Red,"Chile, RAPEL VALLEY, ",2010,14% vol,3.3,是,Cabernet Sauvignon>0.7;Syrah>0.3;>;>;>;>;>;>;,,,,,
CS_A_,4,罗密欧赤霞珠,ROMERO CABERNET SAUVIGNON ,Red,"Chile, CENTRAL VALLEY
中央山谷, CURICO VALLEY
古里科山谷",2012,13%,,unaoked,Cabernet Sauvignon>1;>;>;>;>;>;>;>;,,,,,
CS_A_,5,泊拉图私人珍藏赤霞珠干红葡萄酒,CABERNET SAUVIGNON.PR,Red,"Chile, Chile, 马乌莱山谷",2012,14%,,无,Cabernet Sauvignon>;>;>;>;>;>;>;>;,,,,,
CS_A_,6,骏琪赤霞珠红葡萄酒,Dark Horse™ Cabernet Sauvignon ,Red,"USA, California, ",2012,13.5,,是,Cabernet Sauvignon>1;>;>;>;>;>;>;>;,,,,,
CS_A_,7,加州乐事LOT1933赤霞珠红葡萄酒,Carlo Rossi LOT1933 Cabernet Sauvignon ,Red,"USA, California, Central Valley",2012,12.5,,是,Cabernet Sauvignon>; Petite Sirah        >;Rubired>;>;>;>;>;>;,,,,,
CS_A_,8,2009华洛庄园赤霞珠,2009 Walnut Village Cabernet Sauvignon,Red,"USA, Washington State, Columbia Valley",2009,14,,是,Cabernet Sauvignon>;>;>;>;>;>;>;>;,,,,,
CS_A_,9,,HALL Napa Valley Cabernet Sauvignon,Red,"USA, California, Napa Valley",2011,14.9,,是,Cabernet Sauvignon>0.91;Merlot>0.08;Petite Verdot>0.01;>;>;>;>;>;,,,,,
CS_B_1_,1,百祺元老,Babich Patriarch,Red,"New Zealand, Marlborough, N/A",2011,13%,0,是,Cabernet Sauvignon>0.54;Merlot>0.32;Malbec>0.14;>;>;>;>;>;,,,,,
CS_B_1_,10,宝丽凯 红色丘陵干红 ,COLDIPIETREROSSE,Red,"Italy, Tuscany, ",2009,14.5,,是,Cabernet Sauvignon>1;>;>;>;>;>;>;>;,,,,,
CS_B_1_,11,宝格丽干红葡萄酒,BOLGHERI ROSSO,Red,"Italy, Tuscany, 切奇纳",2011,14.5%,1.1,是,Cabernet Sauvignon>0.5;Petit Verdot>0.3;Merlot>0.2;>;>;>;>;>;,,,,,
CS_B_1_,2,特酿美瑞特,Meritage limited edition,Red,"Canada, 安大略, ",2009,14.2,,是,Cabernet Sauvignon>;Cabernet Franc >;Merlot>;>;>;>;>;>;,,,,,
CS_B_1_,3,金殿之子红葡萄酒,Alba De Domus,Red,"Chile, Domus Aurea, ",2009,14.5,,是,Cabernet Sauvignon>0.71;Petit Verdot>0.14;Cabernet Franc>0.13;Merlot>0.02;>;>;>;>;,,,,,
CS_B_1_,4,金色圣殿红葡萄酒,Domus Aurea,Red,"Chile, Upper Maipo Valley, ",2008,14,,是,Cabernet Sauvignon>0.86;Merlot>0.07;Cabernet Franc>0.05;Petit Verdot>0.02;>;>;>;>;,,,,,
CS_B_1_,5,1865赤霞珠干红葡萄酒,1865 Single Vineyard Cabernet Sauvignon,Red,"Chile, Maipo, ",2012,14.5%,,是,Cabernet Sauvignon>1;>;>;>;>;>;>;>;,,,,,
CS_B_1_,6,红蔓庄园特级珍藏赤霞珠红葡萄酒,Tarapaca Gran Reserva Cabernet Sauvignon,Red,"Chile, Central Valley, 麦坡谷",2011,14%,3.2,yes,Cabernet Sauvignon>0.89;Petit Verdot>0.08;Carmenere>0.02;Syrah &Merlot>0.01;>;>;>;>;,,,,,
CS_B_1_,7,卡门酿酒师特酿风格红,Carmen Wine Maker's Reserve Cabernet Sauvignon Blend,Red,"Chile, 麦坡产区, Maipo Alto",2011,14%,,,Cabernet Sauvignon>1;>;>;>;>;>;>;>;,,,,,
CS_B_1_,8,威马侯爵铂醇窖藏干红葡萄酒,MARCHESE DI VILLAMARINA PLATINUM CUVEE D.O.C.,Red,"Italy, North Italy, Sardegna",2008,13,,是,Cabernet Sauvignon>1;>;>;>;>;>;>;>;,,,,,
CS_B_1_,9,特努塔佳奇红,"Tenuta Frescobaldi di Castiglioni, Toscana IGT",Red,"Italy, Tuscany, Chianti",2010,13.5,,是,Cabernet Sauvignon>50%;Merlot>0.3;Cabernet Franc>0.1;Sangiovese>0.1;>;>;>;>;,,,,,
CS_B_2_,1,小拱男爵,La Capitelle du Domaine de Baron'Arques,Red,"France, Languedoc, Limoux",2009,15,,是,Cabernet Sauvignon>;>;>;>;>;>;>;>;,,,,,
CS_B_2_,10,纳帕名窖-赤霞珠,Napa Cellars Cabernet Sauvignon,Red,"USA, California, Napa Valley",2012,14.4,,有,Cabernet Sauvignon>;>;>;>;>;>;>;>;,,,,,
CS_B_2_,11,康溪庄园 纳帕谷赤霞珠,Conn Creek Napa Valley Cabernet Sauvignon,Red,"USA, Napa Valley, ",2009,15%,<.1g,Oaked,Cabernet Sauvignon>1;>;>;>;>;>;>;>;,,,,,
CS_B_2_,12,法拉利卡诺酒庄，赤霞珠红,"Ferrari-Carano, Cabernet Sauvignon",Red,"USA, California, ",2011,13.5,,是,Cabernet Sauvignon>0.91;Cabernet Sauvignon>0.09;>;>;>;>;>;>;,,,,,
CS_B_2_,2,高登城堡红葡萄酒,Chateau Gaudin,Red,"France, Bordeaux, pauillac",2009,13.5%,,是,Cabernet Sauvignon>0.8;Merlot>0.15;Petit Verdot>0.05;>;>;>;>;>;,,,,,
CS_B_2_,3,卡斯蒂诺.古堡干红葡萄酒,CASTILLO OAK AGED,Red,"Spain, Alicante, Alicante",2010,13.5,,是,Cabernet Sauvignon>;Mouvedre>;Merlot>;>;>;>;>;>;,,,,,
CS_B_2_,4,卡洛家族州道庄园赤霞珠干红葡萄酒,CORLEY StateLane Vineyards Cabernet Sauvignon ,Red,"USA, California, Napa Valley",2010,14.1%,,是,Cabernet Sauvignon>;>;>;>;>;>;>;>;,,,,,
CS_B_2_,5,银河红,Galaxy ,Red,"USA, California, ",2009,14.4,,是,Cabernet Sauvignon>0.5;Syrah>0.35;Merlot>0.15;>;>;>;>;>;,,,,,
CS_B_2_,6,艾尔沃德 赤霞珠,Arrowood Cabernet Sauvignon,Red,"USA, California, Sonoma",2008,15.1,,是,Cabernet Sauvignon>0.82;Merlot>0.13;Cabernet France>0.02;Petit Verdot>0.02;Malbec>0.01;>;>;>;,,,,,
CS_B_2_,7,纳罗达庄园纳帕谷红葡萄酒,La Jota Cabernet Sauvignon,Red,"USA, Napa, Howell Mountain",2009,14.8,,是,Cabernet Sauvignon>0.83;Merlot>0.12;Cabernet Franc>0.03;Petit Verdot>0.02;>;>;>;>;,,,,,
CS_B_2_,8,美诺颂赤霞珠红葡萄酒,Mirassou Cabernet Sauvignon Red Wine,Off-Dry Red,"USA, California, ",2010,13.6,,是,Cabernet Sauvignon>1;>;>;>;>;>;>;>;,,,,,
CS_B_2_,9,加州乐事纳帕谷赤霞珠红葡萄酒,Carlo Rossi Napa Valley Cabernet Sauvignon,Red,"USA, California, 纳帕谷",2010,14.5%,,是,Cabernet Sauvignon>;Merlot>;Petite Sirah           >;>;>;>;>;>;,,,,,
CS_AU_A_,1,塔伦达山赤霞珠红葡萄酒,Tanunda Hill Cabernet Sauvignon,Red,"Australia, South Australia, Barossa Valley",2011,13.5,,是,Cabernet Sauvignon>1;>;>;>;>;>;>;>;,,,,,
CS_AU_A_,10,天使鱼加本力苏维翁红葡萄酒,Angelfish Cabernet Sauvignon,Off-Dry Red,"Australia, South Eastern Australia, ",2013,13,,是,Cabernet Sauvignon>;>;>;>;>;>;>;>;,,,,,
CS_AU_A_,11,天使鱼珊瑚系列加本力苏维翁红葡萄酒,Angelfish Coral Cabernet Sauvignon,Off-Dry Red,"Australia, South Eastern Australia, ",2013,13,,是,Cabernet Sauvignon>;>;>;>;>;>;>;>;,,,,,
CS_AU_A_,2,布琅兄弟加本力苏维翁,Brown Brothers Cabernet Sauvignon,Red,"Australia, South Eastern Australia, ",2010,14,,是,Cabernet Sauvignon>;>;>;>;>;>;>;>;,,,,,
CS_AU_A_,3,罗伯多兰牌混酿红葡萄酒,Rob Dolan Cabernet Shiraz Merlot,Red,"Australia, South Eastern Australia, Yarra Valley",2012,13,,是,Cabernet Sauvignon>;Syrah>;Merlot>;>;>;>;>;>;,,,,,
CS_AU_A_,4,希普路系列赤霞珠,Chapel Road Cabernet Sauvignon,Red,"Australia, South Australia, Langhorne Creek",2011,13,,是,Cabernet Sauvignon>1;>;>;>;>;>;>;>;,,,,,
CS_AU_A_,5,天鹅庄新金选赤霞珠, Auswan Creek Gold Selection Cabernet Sauvignon,Red,"Australia, South Australia, ",2011,14.5,,是,Cabernet Sauvignon>1;>;>;>;>;>;>;>;,,,,,
CS_AU_A_,6,禾富酒园黄牌加本力苏维翁干红葡萄酒,Wolf Blass Yellow Label Cabernet Sauvignon,Red,"Australia, South Australia, ",2011,,,,Cabernet Sauvignon>;>;>;>;>;>;>;>;,,,,,
CS_AU_A_,7,吧王（领峰）加本纳沙威浓红葡萄酒,Barwang The Wall Cabernet Sauvignon,Red,"Australia, South Eastern Australia, New South Wales",2013,13%,5.8,Oaked,Cabernet Sauvignon>1;>;>;>;>;>;>;>;,,,,,
CS_AU_A_,8,格兰伯爵GB88赤霞珠红葡萄酒,GRANT BURGE GB 88 CABERNET SAUVIGNON,Red,"Australia, , ",2011,,,,Cabernet Sauvignon>1;>;>;>;>;>;>;>;,,,,,
CS_AU_A_,9,菲历士赤霞珠美乐,Vasse Felix Cabernet Merlot,Red,"Australia, South Australia, ",2011,14.5%,6.5,是,Cabernet Sauvignon>0.58;Merlot>0.36;Malbec>0.06;>;>;>;>;>;,,,,,
CS_AU_B_,1,酋长赤霞珠红葡萄酒,The Presidents Cabernet Sauvignon,Red,"Australia, South Australia, Clare Valley",2010,14,,是,Cabernet Sauvignon>1;>;>;>;>;>;>;>;,,,,,
CS_AU_B_,10,禾富酒园黑牌加本力苏维翁设拉子干红葡萄酒2006,Wolf Blass Black Label Cabernet Sauvignon Shiraz Malbec,Red,"Australia, South Australia, Barossa Valley",2006,,,,Cabernet Sauvignon>;Syrah>;Malbec>;>;>;>;>;>;,,,,,
CS_AU_B_,11,禾富酒园黑牌加本力苏维翁设拉子干红葡萄酒2007,Wolf Blass Black Label Cabernet Sauvignon Shiraz Malbec,Red,"Australia, South Australia, Langhorne Creek",2007,,,,Cabernet Sauvignon>;Syrah>;Malbec>;>;>;>;>;>;,,,,,
CS_AU_B_,2,航海家庄园赤霞珠梅洛红,Voyager Estate Cabernet Sauvignon Merlot ,Red,"Australia, South Australia, ",2008,13.6,,是,Cabernet Sauvignon>0.86;Merlot>0.12;Petit Verdot>0.02;>;>;>;>;>;,,,,,
CS_AU_B_,3,首彩库纳瓦拉赤霞珠红葡萄酒,HANDPICKED® Peter Douglas Signature Series Coonawarra Cabernet Sauvignon,Red,"Australia, South Australia, Coonawarra",2008,14,,是,Cabernet Sauvignon>1;>;>;>;>;>;>;>;,,,,,
CS_AU_B_,4,亘古酒庄赤霞珠(多明纳A),Domaine A Cabernet Sauvignon,Red,"Australia, South Australia, Tasmania",2006,14,,是,Cabernet Sauvignon>0.9;>;>;>;>;>;>;>;,,,,,
CS_AU_B_,5,黛伦堡科伯道赤霞珠红葡萄酒,d'Arenberg The Coppermine Road,Red,"Australia, South Australia, McLaren Vale",2009,14.5,,是,Cabernet Sauvignon>1;>;>;>;>;>;>;>;,,,,,
CS_AU_B_,6,黛伦堡车库作坊红葡萄酒,d'Arenberg the Galvo Garage,Red,"Australia, South Australia, McLaren Vale",2008,14.5,,是,Cabernet Sauvignon>0.64;Merlot>0.16;Cabernet Franc>0.1;Petit Verdot>0.1;>;>;>;>;,,,,,
CS_AU_B_,7,首彩赤霞珠梅洛红葡萄酒（玛格丽特河）,HANDPICKED® 2011 Margaret River Cabernet Merlot,Red,"Australia, South Australia, ",2011,14,,是,Cabernet Sauvignon>;Merlot>;>;>;>;>;>;>;,,,,,
CS_AU_B_,8,禾富酒园总统特选加本力苏维翁干红葡萄酒,Wolf Blass Presidents Selection Cabernet Sauvignon,Red,"Australia, South Australia, ",2011,,,,Cabernet Sauvignon>;>;>;>;>;>;>;>;,,,,,
CS_AU_B_,9,禾富酒园金牌加本力苏维翁干红葡萄酒,Wolf Blass Gold Label Cabernet Sauvignon,Red,"Australia, South Australia, Coonawarra",2012,,,,Cabernet Sauvignon>;>;>;>;>;>;>;>;,,,,,
DESS_A_,1,大卫斯通赤霞珠红葡萄酒,David Stone Cabernet Sauvignon Red Wine,Semi Sweet Red,"USA, California, ",NV,12,,是,Cabernet Sauvignon>1;>;>;>;>;>;>;>;,,,,,
DESS_A_,2,冰纯,vidal late harvest,Sweet white,"Canada, 尼亚加拉半岛, ",2010,11.6,,是,Vidal>;>;>;>;>;>;>;>;,,,,,
DESS_A_,3,思兰尼庄园晚收型赛美蓉白葡萄酒,LATE HARVEST SEMILLON,Sweet white,"New Zealand, New Zealand, ",2012,,,,Semillon>1;>;>;>;>;>;>;>;,,,,,
DESS_B_,1,马丁·诗泽庄园珍藏琼瑶浆半干白葡萄酒,"Domaine Martin Schaetzel Gewurtztraminer Cuvee Reserve, Alsace, France  ",Off-Dry White,"France, Alsace, ",2010,13.5,,是,Gewurztraminer>1;>;>;>;>;>;>;>;,,,,,
DESS_B_,10,"苏玳金花贵腐甜白葡萄酒
",La  Fleur D'or ,Sweet white,"France, Sauternes, ",2009,13.5%,45,否,Semillon>0.9;Sauvignon Blanc>0.1;Syrah>0.1;>;>;>;>;>;,,,,,
DESS_B_,11,贵族一号甜白,Noble One,Sweet white,"Australia, South Eastern Australia, New South Wales",2010,10.0%,9.8,是,Semillon>1;>;>;>;>;>;>;>;,,,,,
DESS_B_,2,格莱士逐粒精选甜白,Kracher Cuvee Beerenauslese,Sweet white,"Austria, Burgenland, ",2010,11,,是,Chardonnay>0.6;Italian Riesling>0.4;>;>;>;>;>;>;,,,,,
DESS_B_,3,美黛雷司令白葡萄酒,Main Divide Riesling,Semi Sweet White,"New Zealand, Waipara Valley, ",2010,11.5,,是,Riesling>1;>;>;>;>;>;>;>;,,,,,
DESS_B_,4,金标威代尔,vidal icewine limited edition,Sweet white,"Canada, 尼亚加拉半岛, ",2008,10.5,,是,Vidal>;>;>;>;>;>;>;>;,,,,,
DESS_B_,5,葡木酒庄老藤琼瑶浆晚收葡萄酒,Rebholz Albersweiler Latt Gerurztraminer Spätlese,Sweet white,"Germany, Pfalz, ",2011,10.5,,是,Gewurztraminer>1;>;>;>;>;>;>;>;,,,,,
DESS_B_,6,奥斯维卡庄园-歌舞姿头等苑甜白葡萄酒,Orschwiller-Kintzheim Gewurztraminer Grand Cru,Sweet white,"France, Alsace, ",2011,13.5,63g/L,是,Gewurztraminer>1;>;>;>;>;>;>;>;,,,,,
DESS_B_,7,奥斯维卡庄园灰比诺珍藏甜白葡萄酒,Orschwiller-Kintzheim pinot gris cuvee exceptionnelle,Sweet white,"France, Alsace, ",2012,12,47g/L,是,Pinot Gris>1;>;>;>;>;>;>;>;,,,,,
DESS_B_,8,马尔堡·噢特优长相思甜白葡萄酒,MARLBOROUGH  O：TU  SAUVIGNON BLANC SWEET WINE,Sweet white,"New Zealand, Marlborough, ",2012,10,67g/L,是,Sauvignon Blanc>1;>;>;>;>;>;>;>;,,,,,
DESS_B_,9,维诺堤玛奥蒙德贵腐琼瑶浆甜白葡萄酒,Vinoptima Ormond Noble Gewurztraminer,Sweet white,"New Zealand, Gisborne, Ormond",2007,12.5,180g/l,是,Gewurztraminer>1;>;>;>;>;>;>;>;,,,,,
GR_A_,1,卡丁·布奈罗纳河谷干红葡萄酒,"Brunel de la Gardine Cotes du Rhone, Rhone, France  ",Red,"France, Rhone Valley, ",2011,13.5,,是,Grenache>0.65;Mouvedre>0.2;Syrah>0.15;>;>;>;>;>;,,,,,
GR_A_,2,罗讷河谷家族之密红葡萄酒,Côtes du Rhône Secret de Famille,Red,"France, Rhone Valley, Côtes du Rhône",2010,14,,是,Grenache>;Syrah>;>;>;>;>;>;>;,,,,,
GR_A_,3,罗纳河谷北纬45度红葡萄酒,Cotes du Rhône Parallèle 45,Red,"France, Rhone Valley, Côtes du Rhône",2010,13,,是,Grenache>;Syrah>;>;>;>;>;>;>;,,,,,
GR_A_,4,莱曼蒂力格庄园红葡萄酒,CHATEAU DE LA LIQUIERE LES AMANDIERS FAUGERES ,Red,"France, Languedoc, FAUGERES",2012,,,,Carignan>;Grenache>;Syrah>;>;>;>;>;>;,,,,,
GR_A_,5,飞马族庄园红葡萄酒,DOMAINE DE VILLEMAJOU ROUGE,Red,"France, Languedoc, Corbieres",2011,,,,Carignan>;Syrah>;Grenache >;>;>;>;>;>;,,,,,
GR_A_,6,洛加干红葡萄酒,Lorca,Red,"Spain, Murcia, ",2009,14%,,无,Mouvedre>0.85;Tempranillo>0.15;>;>;>;>;>;>;,,,,,
GR_A_,7,邑堡有机干红葡萄酒,IZBANIA ORGANIC ,Red,"Spain, Murcia, Jumilla",2012,14,,是,Mouvedre>;Syrah>;>;>;>;>;>;>;,,,,,
GR_A_,8,堡罗特选红葡萄酒,PILLO VENDIMIA SELECCIONADA,Red,"Spain, Calatayud, ",2011,13.5,,是,Grenache>0.75;Tempranillo>0.25;>;>;>;>;>;>;,,,,,
GR_B_,1,莫戈斯堡赤土红,Mourgues de Gres Terre de Feu,Red,"France, Rhone Valley, Costieres de Nimes",2011,14,,是,Grenache>0.95;Carignan>0.05;>;>;>;>;>;>;,,,,,
GR_B_,10,黛伦堡铁石红葡萄酒 ,d'Arenberg The Ironstone Pressings ,Red,"Australia, South Australia, McLaren Vale",2009,14.5,,是,Grenache>0.67;Syrah>0.27;Mourvedre>0.06;>;>;>;>;>;,,,,,
GR_B_,11,礼拜山  青藤歌海娜干红葡萄酒,Chapel Hill McLaren Vale Bush Vine Grenache,Red,"Australia, South Australia, McLaren Vale",2011,14.50%,,,Grenache>1;>;>;>;>;>;>;>;,,,,,
GR_B_,2,让路易夏维罗纳河谷红葡萄酒,Jean Louis Chave Mon Coeur ,Red,"France, Rhone Valley, ",2009,13,,是,Grenache>;Syrah>;>;>;>;>;>;>;,,,,,
GR_B_,3,珍藏卡诺娜干红葡萄酒,CANNONAU DI SARDEGNA D.O.C. RISERVA,Red,"Italy, North Italy, Sardegna",2009,13.5,,是,Grenache>1;>;>;>;>;>;>;>;,,,,,
GR_B_,4,泰瑞珍藏干红葡萄酒,TERRE RARE CARIGNANO DEL SULCIS D.O.C. RISERVA,Red,"Italy, North Italy, Sardegna",2008,13,,是,Carignan>1;>;>;>;>;>;>;>;,,,,,
GR_B_,5,美德干红葡萄酒,MEDEUS ISOLA DEI NURAGHI I.G.T. ,Red,"Italy, North Italy, Sardegna",2010,13.5,,是,Carignan>0.25;Grenache>0.25;Cabernet Sauvignon>0.25;Merlot>0.25;>;>;>;>;,,,,,
GR_B_,6,普瑞特酒庄，普里奥拉水滴红,"Portal del Priorat, Gotes del Priorat ",Red,"Spain, Catalunya, Priorat",2012,14,,是,Grenache>;Carignan>;>;>;>;>;>;>;,,,,,
GR_B_,7,歌海娜西拉慕合怀特红葡萄酒,Yangarra GSM,Red,"Australia, Mc Laren Valle, ",2012,14.5,,是,Grenache>0.4;Shiraz>0.3;Mourvedre>0.3;>;>;>;>;>;,,,,,
GR_B_,8,歌海娜红葡萄酒,Yangarra Old Vine Grenache,Red,"Australia, South Australia, McLaren Vale",2012,14.5,,是,Grenache>1;>;>;>;>;>;>;>;,,,,,
GR_B_,9,2013混血浪子,2013 The Stray Mongrel,Red,"Australia, South Australia, Barossa Valley",2013,14.7,,是,Grenache>;Syrah>;Zinfandel>;>;>;>;>;>;,,,,,
ME_A_,1,鸭子湖,Duck Point（merlot）,Red,"New Zealand, Matakana, N/A",2012,12.60%,1.1 G/L,N/A,Merlot>1;>;>;>;>;>;>;>;,,,,,
ME_A_,10,嘉露家族梅洛红葡萄酒,Gallo Family Vineyard Merlot ,Off-Dry Red,"USA, California, ",NV,12.5,,是,Merlot>1;>;>;>;>;>;>;>;,,,,,
ME_A_,2,思兰尼“三角”梅洛红葡萄酒,ESTATE SELECTION THE TRIANGLE MERLOT SILENI HAWKES BAY ,Red,"New Zealand, New Zealand, ",2010,,,,Merlot>1;>;>;>;>;>;>;>;,,,,,
ME_A_,3,奥克梅雅克花园干红葡萄酒2012,IGP PAYS D'OC JARDINS DE MEYRAC 2012,Red,"France, Languedoc, ",2012,12.5,,是,Merlot>0.5;CABERNET>0.5;>;>;>;>;>;>;,,,,,
ME_A_,4,泊拉图私人珍藏梅露赤霞珠干红葡萄酒,Merlot-Cabernet PR.,Red,"Chile, 智利, 马乌莱山谷",2010,14%,,无,Merlot>;>;>;>;>;>;>;>;,,,,,
ME_A_,5,禾富酒园黄牌梅洛干红葡萄酒,Wolf Blass Yellow Label Merlot,Red,"Australia, South Australia, ",2012,,,,Merlot>;>;>;>;>;>;>;>;,,,,,
ME_A_,6,布琅兄弟梅洛,Brown Brothers Merlot,Red,"Australia, South Eastern Australia, ",2011,14,,是,Merlot>;>;>;>;>;>;>;>;,,,,,
ME_A_,7,万丽梅洛红葡萄酒,Renascence Merlot,Red,"Australia, South Australia, ",2013,14.8,,是,Merlot>1;>;>;>;>;>;>;>;,,,,,
ME_A_,8,2010莉嘉梅洛,2010 Ladaca Merlot,Red,"USA, Washington State, Columbia Valley",2010,13.9,,是,Merlot>;>;>;>;>;>;>;>;,,,,,
ME_A_,9,红钻酒庄 华盛顿美乐,Red Diamond Washington Merlot,Red,"USA, Washington, ",2010,1350%,1.03g,oaked,Merlot>0.93;Cabernet Sauvignon>0.05;Malbec>0.02;>;>;>;>;>;,,,,,
ME_B_,1,格博利特干红葡萄酒,Trinity Hill Gimblett Gravels The Gimblett,Red,"New Zealand, Hawkes Bay, Gimblett Gravels",2010,14.4,0.5,Oaked,Merlot>0.6;Cabernet Sauvignon>0.17;Cabernet Franc>0.16;Petit Verdot>0.04;Malbec >0.03;>;>;>;,,,,,
ME_B_,2,,Ngatarawa Alwyn Merlot Cabernet 2009,Red,"New Zealand, Hawkes Bay, ",2009,13.5%,1,Oaked,Merlot>0.76;Cabernet Sauvignon>0.24;>;>;>;>;>;>;,,,,,
ME_B_,3,,Ngatarawa Stables Reserve Merlot Cabernet 2013,Red,"New Zealand, Hawkes Bay, ",2013,14.0%,1,Oaked,Merlot>0.92;Cabernet Sauvignon>0.08;>;>;>;>;>;>;,,,,,
ME_B_,4,,"2011 Craggy Range Merlot, Gimblett Gravels Vineyard, Hawke's Bay",Red,"New Zealand, Hawkes Bay, Gimblett Gravels",2011,13%,0,Oaked,Merlot>0.96;Malbec>0.03;Cabernet Sauvignon>0.01;>;>;>;>;>;,,,,,
ME_B_,5,木舟葡萄园梅洛,Canoe Ridge Merlot,Red,"USA, Washington State, Horse Heaven hills",2011,1450%,<0.1,oaked  ,Merlot>1;>;>;>;>;>;>;>;,,,,,
ME_BOR_A_1_,10,郝斯品城堡红葡萄酒,Chateau La rose du pin AOC Bordeaux 2006,Red,"France, Bordeaux, ",2006,13%,,是,Merlot>;Cabernet Sauvignon>;>;>;>;>;>;>;,,,,,
ME_BOR_A_1_,11,玛斯迪城堡红葡萄酒,Chateau  Mascard  AOC Haut Medoc 2005,Red,"France, Bordeaux, 上Medoc 梅多克",2005,13%,,是,Merlot>;Cabernet Sauvignon>;>;>;>;>;>;>;,,,,,
ME_BOR_A_1_,12,法兰西酒堡干红葡萄酒,CHATEAU LA FRANCE ,Red,"France, Bordeaux, 优等波尔多",2007,12.5%,3,有,Merlot>0.7;Cabernet Sauvignon>0.13;Cabernet Franc>0.12;Malbec>0.05;>;>;>;>;,,,,,
ME_BOR_A_1_,4,爱柏瑞传奇干红葡萄酒,"Legende d'Albret Bordeaux Superieur, Bordeaux, France      ",Red,"France, Bordeaux, ",2010,13,,是,Merlot>0.6;Cabernet Sauvignon>0.4;>;>;>;>;>;>;,,,,,
ME_BOR_A_1_,5,宝帝古堡,Chateau Bourdieu,Red,"France, Bordeaux, blaye cotes de bordeaux",2010,14,,是,Merlot>0.75;Cabernet Sauvignon>0.25;>;>;>;>;>;>;,,,,,
ME_BOR_A_1_,6,幸福美乐波尔多干红葡萄酒,Duo  bordeaux,Red,"France, Bordeaux, ",2011,13.5,,是,Merlot>1;>;>;>;>;>;>;>;,,,,,
ME_BOR_A_1_,7,穆圣庄园干红葡萄酒,chateau la moussante,Red,"France, Bordeaux, 波尔多特级",2011,13.5,,是,Merlot>0.85;Cabernet Sauvignon>0.15;>;>;>;>;>;>;,,,,,
ME_BOR_A_1_,8,古侯伯爵庄园干红葡萄酒,comtesse de Gandreau,Red,"France, Bordeaux, 波尔多特级",2011,13.5,,是,Merlot>0.85;Cabernet Sauvignon>0.15;>;>;>;>;>;>;,,,,,
ME_BOR_A_1_,9,拉维之星珍藏优质波尔多红葡萄酒,La Vie de Star Reserve Bordeaux Superieur 2011 ,Red,"France, Bordeaux, ",2011,13%,,是,Merlot>;Cabernet Sauvignon>;Cabernet Franc>;>;>;>;>;>;,,,,,
ME_BOR_A_2_,1,贝马格雷庭园干红葡萄酒,Maison Magrez,Red,"France, Bordeaux, ",2010,14%,,12个月,Merlot>0.8;Cabernet Sauvignon>0.15;Cabernet Franc>0.05;>;>;>;>;>;,,,,,
ME_BOR_B_,1,弗卡斯宝瑞波尔多里莎红葡萄酒,Fourcas Borie Bordeaux Listrac,Red,"France, Bordeaux, Listrac Medoc",2009,13,,是,Merlot>0.7;Cabernet Sauvignon>0.15;Petit Verdot>15;>;>;>;>;>;,,,,,
ME_BOR_B_,10,布蒂奥酒堡干红葡萄酒 ,CHATEAU LE BOURDIEU,Red,"France, Bordeaux, Medoc 梅多克",2011,13.5%,2,有,Merlot>0.5;Cabernet Sauvignon>0.5;>;>;>;>;>;>;,,,,,
ME_BOR_B_,11,大卫十字酒堡干红葡萄酒,CHATEAU LA CROIX DAVIDS,Red,"France, Bordeaux, 布格坡",2010,13.5%,3,有,Merlot>0.8;Cabernet Sauvignon>0.1;Cabernet Franc>0.1;>;>;>;>;>;,,,,,
ME_BOR_B_,12,鲁臣迪斯潘格兰德红葡萄酒,Chateau Rauzan Despagne Grand Vin - Rouge ,Red,"France, Bordeaux, Entre-Deux-Mers",2010,14.0%,,是,Merlot>0.82;Cabernet Sauvignon>0.1;Cabernet Franc>0.08;>;>;>;>;>;,,,,,
ME_BOR_B_,2,迪乐庄园,Chateau Dalem,Red,"France, Bordeaux, Fronsac",2007,13.5,,是,Merlot>0.9;Cabernet Franc >0.1;>;>;>;>;>;>;,,,,,
ME_BOR_B_,3,康田庄园,chateau Cantenac elegance,Red,"France, Bordeaux, Saint Emilion",2009,13,,是,Merlot>0.95;Cabernet Franc >0.05;>;>;>;>;>;>;,,,,,
ME_BOR_B_,4, 玛蒂诺酒庄窖藏超级波尔多干红葡萄酒,chateau martinot cuvee prestige ,Red,"France, Bordeaux, ",2009,13,,是,Merlot>0.6;Cabernet Sauvignon>0.1;Cabernet Franc>25;>;>;>;>;>;,,,,,
ME_BOR_B_,5,拉维之星珍藏Medoc 梅多克红葡萄酒,La Vie de Star Reserve Medoc 2011,Red,"France, Bordeaux, Medoc 梅多克",2011,12.5%,,是,Merlot>;Cabernet Sauvignon>;Malbec>;Petit Verdot>;>;>;>;>;,,,,,
ME_BOR_B_,6,康坦城堡红葡萄酒,Chateau Cantin AOC Saint-Emilion 2010,Red,"France, Bordeaux, St Emilion",2011,15.5%,,是,Merlot>;Cabernet Sauvignon>;Cabernet Franc>;>;>;>;>;>;,,,,,
ME_BOR_B_,7,阿丹诺酒堡极品酒窖干红葡萄酒,Domaine des graves d'ardonneau Prèstige,Red,"France, Bordeaux, Blaye",2005,13.5%,2,有,Merlot>0.8;Cabernet Sauvignon>0.2;>;>;>;>;>;>;,,,,,
ME_BOR_B_,8,欧卡泽酒堡干红葡萄酒,CHATEAU HAUT-CAZEAU ,Red,"France, Bordeaux, 吕萨克
圣埃米利永",2006,12.5%,3,有,Merlot>0.8;Cabernet Franc >0.2;>;>;>;>;>;>;,,,,,
ME_BOR_B_,9,格拉斯酒堡干红葡萄酒,Chateau La grace dieu des prieurs ,Red,"France, Bordeaux, St Emilion",2007,13.0%,3,有,Merlot>0.9;Cabernet Franc >0.1;>;>;>;>;>;>;,,,,,
OTR_A_,2,炮鸣之地--卡黛特品乐塔吉,Kanonkop - Kadette Pinotage,Red,"South Africa, Stellenbosch, ",2012,14.5,,是,Pinotage>1;>;>;>;>;>;>;>;,,,,,
OTR_A_,5,都兰酒庄加州仙粉黛红葡萄酒,DeLoach Zinfandel California,Red,"USA, California, ",2011,14%,,无, Zinfandel>;>;>;>;>;>;>;>;,,,,,
OTR_A_,7,弗利埃都-加州三重奏干红,FOLIE a DEUX Menage a Trois Red,Off-Dry Red,"USA, California, ",2012,13.5,,, Zinfandel>;Merlot>;Cabernet Sauvignon>;>;>;>;>;>;,,,,,
OTR_B_,3,肯德杰克逊庄园 珍藏仙粉黛,"Kendall Jackson, Vintner’s Reserve, Zinfandel",Red,"USA, California, Mendocino",2010,14.5,,是, Zinfandel>80;Petite Syrah>0.19;Chardonnay>0.01;>;>;>;>;>;,,,,,
OTR_B_,4,2010喜鹊酒庄老树藤仙粉黛,2010 Renwood Winery Old Zinfandel,Red,"USA, California, Dry Creek Valley",2010,14.5,,是, Zinfandel>0.948;Syrah>0.045;Souzao>0.007;>;>;>;>;>;,,,,,
OTR_B_,6,沃悦客酒庄，三位开普敦仕女红,"Warwick, Three Cape Ladies ",Red,"South Africa, Stellenbosch, ",2011,14,,是,Pinotage>0.45;Cabernet Sauvignon>0.35;Syrah>0.2;>;>;>;>;>;,,,,,
OTR_BOR_A_,1,圣卡罗家族珍藏加文拿红葡萄酒,Reserva de Familia Carmenere,Red,"Chile, Rapel Valley, sub-region (optional)",2010,14.5,Sweetness,是,Carmenere>1;>;>;>;>;>;>;>;,,,,,
OTR_BOR_A_,2,朝凯蓝珍藏品丽珠,Chocalan Reserva Cabernet Franc,Red,"Chile, Maipo Valley, ",2009 ,14.5,,是,Cabernet Franc>1;>;>;>;>;>;>;>;,,,,,
OTR_BOR_A_,3,美景湾珍藏佳美娜红葡萄酒,Rio Bueno Reserve Carmenere,Red,"Chile, Curico Valley, ",2012,14%,,无,Carmenere>1;>;>;>;>;>;>;>;,,,,,
OTR_BOR_A_,4,朱卡迪Q系列马尔贝克红葡萄酒,Zuccardi Q Malbec,Red,"Argentina, Mendoza, ",2010,13,,是,Malbec>1;>;>;>;>;>;>;>;,,,,,
OTR_BOR_A_,5,帕索帕索玛碧克红葡萄酒,PASO A PASO MALBEC,Red,"Argentina, , ",2012,,,,Malbec>1;>;>;>;>;>;>;>;,,,,,
OTR_BOR_A_,6,银谷马尔贝克精选,ARGENTO Malbec Selección,Red,"Argentina, Mendoza, ",2013,13.5,,,Malbec>;>;>;>;>;>;>;>;,,,,,
OTR_BOR_B_,1,卓格酒庄，古地红葡萄酒,Charles Joguet Cuvee Terroir Chinon AOC ,Red,"France, Loire Valley, Chinon",2009,12.5,,是,Cabernet Franc>;>;>;>;>;>;>;>;,,,,,
OTR_BOR_B_,10,褒莱夫人精选马尔贝克红,Dona Paula Seleccion de Bodegas Malbec,Red,"Argentina, Mendosa, 卢汉德库约(Lujan de Cuyo)及优克谷(Uco Valley)。
",2008,14%,,YES,Malbec>;>;>;>;>;>;>;>;,,,,,
OTR_BOR_B_,2,法兰香缇916,Domaine Du Val Echante 916,Red,"France, Sud Ouest, AOC Marcillac",2010,13.5,,是,Mansois>1;>;>;>;>;>;>;>;,,,,,
OTR_BOR_B_,3,黑天鹅酒庄乐卡珀干红葡萄酒,Le Cupole,Red ,"Italy, Tuscany, ",2010,16%,<1 g/l,,Cabernet Franc>0.45;Merlot>0.35;Cabernet Sauvignon>0.15;Petit Verdot>0.05;>;>;>;>;,,,,,
OTR_BOR_B_,4,泊拉图特藏佳美娜干红葡萄酒,GRAN RESERVA CARMENERE,Red,"Chile, Maipo, 麦坡",2009,14%,,是,Carmenere>;>;>;>;>;>;>;>;,,,,,
OTR_BOR_B_,5,泊拉图珍藏佳美娜干红葡萄酒,CARMENERE.R,Red,"Chile, 智利, 马乌莱山谷",2010,14%,,无,Carmenere>;>;>;>;>;>;>;>;,,,,,
OTR_BOR_B_,6,圣卡罗红酒王,VSC ,Red,"Chile, Cachapoal Valley, sub-region (optional)",2009,14.7,Sweetness,是,Petit Verdot>0.6;Carmenere>0.15;Cabernet Sauvignon>0.1;Mourvedre>0.1;Malbec>0.05;>;>;>;,,,,,
OTR_BOR_B_,7,德米诺酒庄，苏珊马贝克红,"Dominio Del Plata, Susana Balbo Malbec ",Red,"Argentina, Mendoza, ",2012,14,,是,Malbec>0.95;Cabernet Sauvignon>0.05;>;>;>;>;>;>;,,,,,
OTR_BOR_B_,8,雪甘露家族珍藏马贝克,Sottano Family Reserve Malbec,Red,"Argentina, Mendoza, Lujan de Cuyo ",2009,14.9,,是,Malbec>1;>;>;>;>;>;>;>;,,,,,
OTR_BOR_B_,9,布雷西亚酒庄深度红葡萄酒   ,Bodega Bressia - Profundo,Red,"Argentina, Mendoza, ",2007,14.0%,,是,Malbec>0.5;Cabernet Sauvignon>0.3;Merlot>0.1;>;>;>;>;>;,,,,,
OTR_IT_A_,1,蒙特布纳,Montebruna,Red,"Italy, Piedmont, 阿斯蒂",2010,14.5,,是,Barbera>1;>;>;>;>;>;>;>;,,,,,
OTR_IT_A_,2,坎帕纳嘉德斯伯纳达干红葡萄酒,CAMPANA BONARDA,Red,"Italy, North Italy, Emilia-Romagna",2012,12.5%,5.4,否,Bonarda>1;>;>;>;>;>;>;>;,,,,,
OTR_IT_A_,3,坎帕纳嘉德斯果里诺干红葡萄酒,CAMPANA GUTTURINIO SUPERIORE,Red,"Italy, North Italy, Emilia-Romagna",2011,13.0%,3.9,否,Barbera>0.6;Bonarda>0.4;>;>;>;>;>;>;,,,,,
OTR_IT_A_,4,玛氏.蒙特布查诺红葡萄酒,Masciarelli Marina Cvetic Montepulciano,Red,"Italy, Central Italy, Abruzzo",2011,14.50%,,18个月,Montepulciano >1;>;>;>;>;>;>;>;,,,,,
OTR_IT_A_,5,林凯.玛利安红葡萄酒,Leone de Castris Salice Salentino Maiana Rosso,Red,"Italy, South Italy, Puglia",2012,13.00%,,,Negroamaro>0.9;Malvasia Nera>0.1;>;>;>;>;>;>;,,,,,
OTR_IT_A_,6,林凯.普利米蒂沃红葡萄酒,Leone de Castris-Primitivo Manduria DOC Villa Santera,Red,"Italy, South Italy, Puglia",2011,15.00%,,,Primitivo>1;>;>;>;>;>;>;>;,,,,,
OTR_IT_B_,1,潘丽赛罗酒庄，芭贝拉 潘妮干红,"Pelissero, Barbera D'Alba Piani, DOC ",Red,"Italy, Piedmont, ",2010,14,,是,Barbera>;>;>;>;>;>;>;>;,,,,,
OTR_IT_B_,10,"阿吉拉斯酒庄，珂姆红""","""Argiolas, Korem, Isola dei Nuraghi, IGT ",Red,"Italy, North Italy, Sardegna",2009,14.5,,是,Bovale sardo>;Carignan>;Grenache>;>;>;>;>;>;,,,,,
OTR_IT_B_,11,福地酒园陶拉西红葡萄酒,Feudi San Gregorio Taurasi,Red,"Italy, South Italy, Campania",2009,14,,是,Aglianico >1;>;>;>;>;>;>;>;,,,,,
OTR_IT_B_,2,派顿干红葡萄酒,PARDUNÉ BARBERA D’ALBA D.O.C. SUPERIORE,Red,"Italy, Piedmont, 罗埃洛Roero zone",2007,14,,是,Barbera>1;>;>;>;>;>;>;>;,,,,,
OTR_IT_B_,3,大鸟的山丘,Bricco dell’Uccellone-Barbera d’Asti DOCG,Red,"Italy, Piedmont, 阿斯蒂",2008,15.5,,是,Barbera>1;>;>;>;>;>;>;>;,,,,,
OTR_IT_B_,4,古胜.曼多拉红葡萄酒,Bricco dei Guazzi Monf.DOC Rosso la Mandola,Red,"Italy, Piedmont, ",2009,12.50%,,,Barbera>0.6;Merlot>0.4;>;>;>;>;>;>;,,,,,
OTR_IT_B_,5,百隆堡.萨格兰蒂诺红葡萄酒,Tenuta Castelbunono-Sagrantino,Red,"Italy, Central Italy, Umbria",2007,14.50%,,6-9个月,Sagrantino  >1;>;>;>;>;>;>;>;,,,,,
OTR_IT_B_,6,"朴奈达酒庄, 索罗红","Planeta, Cerasuolo Di Vittoria, DOCG ",Red,"Italy, South Italy, Sicily",2011,13,,是,Nero d'Avola>0.6;Frappato>0.4;>;>;>;>;>;>;,,,,,
OTR_IT_B_,7,"朴奈达酒庄, 蓝雪花红","Planeta, Plumbago, IGT ",Red,"Italy, South Italy, Sicily",2011,13.5,,是,Nero d'Avola>;>;>;>;>;>;>;>;,,,,,
OTR_IT_B_,8,林凯.多娜丽莎葡萄酒,Leone de Castris Donna Lisa,Red,"Italy, South Italy, Puglia",2007,13.50%,,24个月,Negroamaro>0.9;Malvasia Nera>0.1;>;>;>;>;>;>;,,,,,
OTR_IT_B_,9,林凯.珍藏萨利切萨伦托红葡萄酒,Leone de Castris Salice Salentino Rosso DOC Riserva,Red,"Italy, South Italy, Puglia",2009,13.50%,,12个月,Negroamaro>0.9;Malvasia Nera>0.1;>;>;>;>;>;>;,,,,,
OTW_A_,1,高博古堡，绿维特白,"Domäene Gobelsburg, Niederösterreich Grüner Veltliner ",White,"Austria, Kamptal, ",2012,12.8,,是,Grüner Veltliner>;>;>;>;>;>;>;>;,,,,,
OTW_A_,10,阿丝雾,Ashwood,White,"New Zealand, Indevin, N/A",2010,13.50%,15 G/L,Oaked,Pinot Gris>1;>;>;>;>;>;>;>;,,,,,
OTW_A_,11,思兰尼酒窖精选灰皮诺白葡萄酒,CELLAR SELECTION PINOT GRIS ,White,"New Zealand, New Zealand, ",2012,,,,Pinot Gris>1;>;>;>;>;>;>;>;,,,,,
OTW_A_,12,西施白露干白,Droppello,White,"Italy, Tuscany, Maremma",2012,12,,是,Sangiovese>0.9;Sauvignon Blanc>0.1;>;>;>;>;>;>;,,,,,
OTW_A_,2,拉维之星珍藏白葡萄酒,La Vie de Star Reserve Vin de France Blanc 2012,White,"France, NV, ",2012,11%,,否,"Colombard 

>;Chardonnay>;>;>;>;>;>;>;",,,,,
OTW_A_,3,艾格尼索瓦白葡萄酒,ALLEGRINI SOAVE,White,"Italy, Veneto , ",2012,,,,Garganega>0.8;Chardonnay>0.2;>;>;>;>;>;>;,,,,,
OTW_A_,4,科奇拉索瓦白葡萄酒,CORTE GIARA SOAVE ,White,"Italy, Veneto , ",2012,,,,Garganega>0.8;Chardonnay>0.2;>;>;>;>;>;>;,,,,,
OTW_A_,5,罗讷河谷家族之密白葡萄酒,Côtes du Rhône Secret de Famille,White,"France, Rhone Valley, Côtes du Rhône",2012,13,,是,Grenache Blanc>;Marsanne>;Viognier>;Bourboulenc>;>;>;>;>;,,,,,
OTW_A_,6,罗纳河谷北纬45度白葡萄酒,Cotes du Rhône Parallèle 45,White,"France, Rhone Valley, Côtes du Rhône",2011,13,,是,Grenache Blanc>;Marsanne>;Viognier>;Bourboulenc>;>;>;>;>;,,,,,
OTW_A_,7,飞马族庄园白葡萄酒,DOMAINE DE VILLEMAJOU BLANC,White,"France, Languedoc, Corbieres",2012,,,,Marsanne >;Bourboulenc >;Roussanne> ;>;>;>;>;>;,,,,,
OTW_A_,8,威海姆酒庄，白比诺白,Dr. Wehrheim Weisser Burgunder Buntstuck (Pinot Blanc) ,White,"Germany, Pfalz, ",2012,13.5,,是,Pinot Blanc>;>;>;>;>;>;>;>;,,,,,
OTW_A_,9,鸭子湖,Duck Point(pinot Gris),White,"New Zealand, East Coast, N/A",2013,13.10%,12 G/L,N/A,Pinot Gris>1;>;>;>;>;>;>;>;,,,,,
OTW_B_,1,凯德干白葡萄酒,CANTEIO ROERO ARNEIS D.O.C.G.,White,"Italy, Piedmont, 罗埃洛Roero zone",2011,13,,是,Arneis >1;>;>;>;>;>;>;>;,,,,,
OTW_B_,2,苏阿维亚.城市之山苏阿维白葡萄酒 ,Suavia Soave Classico DOC Monte Carbonare 2011 ,White,"Italy, Veneto , ",2011,13,,是,Garganega>1;>;>;>;>;>;>;>;,,,,,
OTW_B_,3,美溪干白葡萄酒,CALA REALE VERMENTINO DI SARDEGNA D.O.C.,White,"Italy, North Italy, Sardegna",2012,12.5,,是,Vermentino>1;>;>;>;>;>;>;>;,,,,,
OTW_B_,4,蒙特罗干白葡萄酒,MONTEORO VERMENTINO DI GALLURA  D.O.C.G. SUPERIORE,White,"Italy, North Italy, Sardegna",2011,13.5,,是,Vermentino>1;>;>;>;>;>;>;>;,,,,,
OTW_B_,5,普瑞特酒庄，特洛白，蒙桑特DO,"Portal del Priorat,Trossos Sants, DO Montsant  ",White,"Spain, Priora, Montsant",2012,13.5,,是,Grenache Blanc>0.9;Grenache Gris>0.1;>;>;>;>;>;>;,,,,,
OTW_B_,6,胡姗白葡萄酒,Yangarra Roussane,White,"Australia, Mc Laren Valle, ",2013,13.5,,是,Roussane>100;>;>;>;>;>;>;>;,,,,,
OTW_B_,7,拉玛赫侯爵干白葡萄酒,LES MARQUISES BLANC A.O.C.,White,"France, Rhone Valley, 尼姆海岸Nimes Coast",2009,13,,是,Roussanne>0.9;Viognier>0.1;>;>;>;>;>;>;,,,,,
OTW_B_,8,耶尔曼威尼斯朱利亚灰皮诺白葡萄酒,PINOT GRIGIO JERMANN VENEZIA GIULIA BIANCO Chardonnay,White,"Italy, North Italy, VENEZIA GIULIA",2011,,,,Pinot Gris>1;>;>;>;>;>;>;>;,,,,,
OTW_B_,9,,Waimea Pinot Gris,White,"New Zealand, Nelson, Waimea Plains",2013,13.50%,11.3,Unoaked,Pinot Gris>1;>;>;>;>;>;>;>;,,,,,
PIED_NE_B_,1,维埃蒂，卡斯提里奥巴罗洛红,"Vietti, Barolo Castiglione, DOCG ",Red,"Italy, Piedmont, ",2009,14,,是,Nebbiolo>;>;>;>;>;>;>;>;,,,,,
PIED_NE_B_,10,琦琦巴洛罗阿塞拉轮加村 ,Barolo Arione Serralunga D'Alba,Red,"Italy, Piedmont, Serralunga",2009,14%,,Oaked,Nebbiolo>1;>;>;>;>;>;>;>;,,,,,
PIED_NE_B_,2,维埃蒂，贝巴克尼比奥罗红,"Vietti, Nebbiolo Perbacco, DOC ",Red,"Italy, Piedmont, ",2011,14.5,,是,Nebbiolo>;>;>;>;>;>;>;>;,,,,,
PIED_NE_B_,3,巴巴瑞斯克干红葡萄酒,BABARESCO D.O.C.G.,Red,"Italy, Piedmont, 巴巴瑞斯克Barbaresco area",2009,14,,是,Nebbiolo>1;>;>;>;>;>;>;>;,,,,,
PIED_NE_B_,4,巴罗洛干红葡萄酒,BAROLO D.O.C.G.,Red,"Italy, Piedmont, 巴罗洛 Langhe’s Barolo area",2008,14,,是,Nebbiolo>1;>;>;>;>;>;>;>;,,,,,
PIED_NE_B_,5,传统巴巴莱斯科干红葡萄酒,Barbaresco Tradizione ,Red,"Italy, Piedmont, Barbaresco",2010,14,,是,Nebbiolo>1;>;>;>;>;>;>;>;,,,,,
PIED_NE_B_,6,三百利 巴罗洛干红,Barolo DOCG,Red,"Italy, Piedmont, Barolo",2008,14.5,,是,Nebbiolo>1;>;>;>;>;>;>;>;,,,,,
PIED_NE_B_,7,泉妃考斯特鲁滨2008干红葡萄酒,Coste Rubin Barbaresco 2008 DOCG,Red,"Italy, Piedmont, Barbaresco",2008,14,,是,Nebbiolo>1;>;>;>;>;>;>;>;,,,,,
PIED_NE_B_,8,泉妃巴罗洛2008干红葡萄酒,Fontanafredda Barolo 2008 DOCG,Red,"Italy, Piedmont, Barolo",2008,13.5,,是,Nebbiolo>1;>;>;>;>;>;>;>;,,,,,
PIED_NE_B_,9,琦琦内比奥罗干红葡萄酒, Nebbiolo D'Alba,Red,"Italy, Piedmont, Alba",2011,14%,,Oaked,Nebbiolo>1;>;>;>;>;>;>;>;,,,,,
PN_A_,1,2009奥娜山酒庄黑皮诺,2009 Eola Hills Winery Oregon Pinot Noir,Red,"USA, Oregon, Willamette Valley",2009,13.6,,是,Pinot Noir>;>;>;>;>;>;>;>;,,,,,
PN_A_,2,橡树岭牌黑皮诺红葡萄酒,Oakridge Over The Shoulder Pinot Noir,Red,"Australia, South Eastern Australia, Yarra Valley",2012,12.5,,是,Pinot Noir>1;>;>;>;>;>;>;>;,,,,,
PN_B_,3,首彩签名系列黑皮诺红葡萄酒,HANDPICKED®SIGNATURE PINOT NOIR,Red,"Australia, South Australia, Tasmania",2012,12.5,,是,Pinot Noir>;>;>;>;>;>;>;>;,,,,,
PN_B_,4,2011卓斯顿酒庄威廉姆特谷黑皮诺,2011 Trisaetum Winery Willamette Valley Pinot Noir,Red,"USA, Oregon, Willamette Valley",2011,13,,是,Pinot Noir>;>;>;>;>;>;>;>;,,,,,
PN_B_,5,卡萨布兰卡酒庄，尼博山庄系列 黑比诺红,"Vina Casablanca, Nimbus Pinot Noir",Red,"Chile, Casablanca Valley, ",2009,14.5,,是,Pinot Noir>;>;>;>;>;>;>;>;,,,,,
PN_B_,6,茜杜里俄罗斯河黑比诺,Siduri Russian River Pinot Noir,Red,"USA, California, Russian River Valley",2010,14.3,,是,Pinot Noir>1;>;>;>;>;>;>;>;,,,,,
PN_B_,7,雅德保利拉谷原生黑比诺,Yarra Valley Estate Grown Pinot Noir,Red,"Australia, South Eastern Australia, Yarra Valley",2011,13.0%,6.2,是,Pinot Noir>1;>;>;>;>;>;>;>;,,,,,
PN_FR_A_,1,宝丽多勃艮第山丘干红葡萄酒,"Bouchot Ludot Coteaux Bourguignon Rouge, Bourgogne, France 2011",Red,"France, Burgundy, ",2011,12.50%,,是,Pinot Noir>0.8;Gamay>0.2;>;>;>;>;>;>;,,,,,
PN_FR_A_,2,"爱柏""传承1831""勃艮第黑比诺红葡萄酒","Albert Bichot Bourgogne Pinot Noir ""Heritage 1831"" ",Red,"France, Burgundy, ",2011,12.5,,是,Pinot Noir>;>;>;>;>;>;>;>;,,,,,
PN_FR_A_,3,亨利默杰勃艮第黑皮诺红葡萄酒,HENRI MEURGEY BOURGOGNE PINOT NOIR AOC,Red,"France, Burgundy, Bourgogne",2010,,,,Pinot Noir>1;>;>;>;>;>;>;>;,,,,,
PN_FR_B_,4,弗榭酒庄，埃图诺红,"Domaine Fouassier, L'Etourneau rouge, Sancerre AOP ",Red,"France, Loire Valley, Sancerre",2008,13,,是,Pinot Noir>;>;>;>;>;>;>;>;,,,,,
PN_FR_B_,5,胡氏父子酒庄，热夫雷-尚贝丹老藤红,"Roux Père & Fils, Gevrey-Chambertin Vieilles Vignes, AOP ",Red,"France, Burgundy, ",2010,13.5,,是,Pinot Noir>;>;>;>;>;>;>;>;,,,,,
PN_FR_B_,6,弗格雷特西万尼伯恩马孔尼红葡萄酒,Domaine Vougeraie Savigny Les Beaune Les Marconnets,Red,"France, Burgundy, Savigny Les Beaune Les Marconnets",2010,13,,是,Pinot Noir>1;>;>;>;>;>;>;>;,,,,,
PN_FR_B_,7,丽朗碧奥勃艮第红葡萄酒,Laleure Piot Bourgogne,Red,"France, Burgundy, ",2010,13,,是,Pinot Noir>1;>;>;>;>;>;>;>;,,,,,
PN_FR_B_,8,勃艮第黑比诺,Bourgogne Pinot Noir,Red,"France, Burgundy, 夜丘",2010,13%,,,Pinot Noir>;>;>;>;>;>;>;>;,,,,,
PN_FR_B_,9,波玛,POMMARD,Red,"France, Burgundy, 伯恩丘",2011,13%,,,Pinot Noir>;>;>;>;>;>;>;>;,,,,,
PN_NZ_A_,1,斯巴河谷黑皮诺红葡萄酒,Spy Valley Pinot Noir,Red,"New Zealand, Marlborough, ",2011,13,,是,Pinot Noir>1;>;>;>;>;>;>;>;,,,,,
PN_NZ_A_,2,鸭子湖,Duck Point(pinot Noir),Red,"New Zealand, Hintons, ",2012,13.50%,1 G/L,N/A,Pinot Noir>1;>;>;>;>;>;>;>;,,,,,
PN_NZ_A_,3,思兰尼“高原”黑皮诺红葡萄酒,ESTATE SELECTION THE PLATEAU PINOT NOIR ,Red,"New Zealand, New Zealand, ",2012,,,,Pinot Noir>1;>;>;>;>;>;>;>;,,,,,
PN_NZ_A_,4,,Auntsfield Single Vineyard Pinot Noir,Red,"New Zealand, Marlborough, Southern Valleys",2011,,1,Oaked,Pinot Noir>1;>;>;>;>;>;>;>;,,,,,
PN_NZ_A_,5,,2012 Mt Difficulty Bannockburn Central Otago,Red,"New Zealand, Bannockburn, ",2012,14%,0,oaked,Pinot Noir>1;>;>;>;>;>;>;>;,,,,,
PN_NZ_B_,1,帕拉丁黑皮诺红葡萄酒,Paladin Pinot Noir,Red,"New Zealand, Marlborough, ",2010,14,,是,Pinot Noir>1;>;>;>;>;>;>;>;,,,,,
PN_NZ_B_,2,富利来黑比诺红葡萄酒,Forrest Pinot Noir,Red,"New Zealand, Marlborough, ",2011,13.5,,是,Pinot Noir>;>;>;>;>;>;>;>;,,,,,
PN_NZ_B_,3,,Select Blocks Pinot Noir 2012,Red,"New Zealand, Marlborough, ",2012,14,,是,Pinot Noir>1;>;>;>;>;>;>;>;,,,,,
PN_NZ_B_,4,百祺酿酒师珍藏黑皮诺,Babich Winemakers’ Reserve Pinot Noir,Red,"New Zealand, Marlborough, N/A",2011,0.135,0,是,Pinot Noir>1;>;>;>;>;>;>;>;,,,,,
PN_NZ_B_,5,"吉布斯山谷黑皮诺
",Gibbston Valley Pinot Noir,Red,"New Zealand, Central Otago, ",2012,13.5%,0,,Pinot Noir>1;>;>;>;>;>;>;>;,,,,,
PN_NZ_B_,6,吉布斯山谷珍藏黑皮诺,Gibbston Valley Reserve  Pinot Noir,Red,"New Zealand, Central Otago, ",2012,14.0%,0,,Pinot Noir>1;>;>;>;>;>;>;>;,,,,,
PN_NZ_B_,7,,Waimea Pinot Noir,Red,"New Zealand, Nelson, Waimea Plains",2012,13.50%,,Oaked ,Pinot Noir>1;>;>;>;>;>;>;>;,,,,,
PN_NZ_B_,8,,"2011 Craggy Range Pinot Noir, Te Muna Road Vineyard, Martinborough",Red,"New Zealand, Waipara Valley, Martinborough",2012,14%,0,Oaked,Pinot Noir>1;>;>;>;>;>;>;>;,,,,,
ROSE_A_,1,圣特洛佩兹大师，诺瓦桃红,"Les Maîtres Vignerons de la Presqu'île de Saint-Tropez, Rosé, Cotes de Provence Carte Noire, AOP ",Rose,"France, Provence, ",2013,13,,是,Grenache>0.9;Cinsault>0.1;>;>;>;>;>;>;,,,,,
ROSE_A_,2,罗讷河谷家族之密桃红葡萄酒,Côtes du Rhône Secret de Famille,Rose,"France, Rhone Valley, Côtes du Rhône",2012,13,,是,Grenache>;Cinsault>;Syrah>;>;>;>;>;>;,,,,,
ROSE_A_,3,飞马族庄园桃红葡萄酒,LE ROSE DE VILLEMAJOU ,Rose,"France, Languedoc, Corbieres",2012,,,,Syrah>;Grenache>;Carignan>;>;>;>;>;>;,,,,,
Rose_A_,5,思兰尼酒窖精选品丽珠桃红葡萄酒,CELLAR SELECTION ROSE,Rose,"New Zealand, New Zealand, ",2013,,,,cabernet franc>1;>;>;>;>;>;>;>;,,,,,
ROSE_B_,4,马王黑皮诺桃红,Equus pinot nior rose,Rose,"Canada, 安大略, ",2010,12,,是,Pinot Noir>;>;>;>;>;>;>;>;,,,,,
RS_A_,1,威海姆酒庄，雷司令白,Dr. Wehrheim Riesling Buntstuck ,White,"Germany, Pfalz, ",2012,12,,是,Riesling>;>;>;>;>;>;>;>;,,,,,
RS_A_,2,维特曼雷司令干白,Wittmann Riesling Trocken,White,"Germany, Rhein-hessen, Westhofen",2011,12.5,,是,Riesling>1;>;>;>;>;>;>;>;,,,,,
RS_A_,3,思兰尼酒窖精选雷司令白葡萄酒,CELLAR SELECTION RIESLING MARLBOROUGH,White,"New Zealand, New Zealand, ",2012,,,,Riesling>1;>;>;>;>;>;>;>;,,,,,
RS_A_,4,泰和雷司令干白葡萄酒,Terroirs Riesling by Sarment,White,"France, Alsace, ",2011,12.5,,是,Riesling>1;>;>;>;>;>;>;>;,,,,,
RS_A_,5,里弗森庄园干型雷司令白葡萄酒,Trefethen Estate Dry Riesling,White,"USA, California, Napa Valley",2011,13,,是,Riesling>1;>;>;>;>;>;>;>;,,,,,
RS_A_,6,2012华洛庄园雷司令,2012 Walnut Village Riesling,White,"USA, Washington State, Walla Walla Valley",2012,13.1,,是,Riesling>1;>;>;>;>;>;>;>;,,,,,
RS_A_,7, 派客酒庄，传统雷司令白,"Pikes, Traditionale Riesling",White,"Australia, South Australia, Clare Valley",2013,11.5,,是,Riesling>;>;>;>;>;>;>;>;,,,,,
RS_A_,8,杰罗莎麦克拉伦谷限量珍藏雷司令干白葡萄酒,Jarressa Estate Clare Valley Premium Reserve Risling,White,"Australia, South Australia, McLaren Vale",2012,12.5,,是,Riesling>1;>;>;>;>;>;>;>;,,,,,
RS_A_,9,禾富酒园黄牌意丝琳干白葡萄酒,Wolf Blass Yellow Label Riesling,White,"Australia, South Australia, ",2012,,,,Riesling>;>;>;>;>;>;>;>;,,,,,
RS_B_,1,,Waimea Classic Riesling,White,"New Zealand, Nelson, Waimea Plains",2013,12.50%,13.6,Unoaked,Riesling>1;>;>;>;>;>;>;>;,,,,,
RS_B_,2,乔士迈庄园，“龙”雷司令白,"Josmeyer, Riesling ""Le Dragon"", AOP",White,"France, Alsace, ",2009,13,,是,Riesling>;>;>;>;>;>;>;>;,,,,,
RS_B_,3,奥斯维卡庄园-雷司令头等苑干白葡萄酒,Orschwiller-Kintzheim Riesling Grand Cru,White,"France, Alsace, ",2012,12.5,,是,Riesling>1;>;>;>;>;>;>;>;,,,,,
RS_B_,4,首彩伊甸山谷雷司令白葡萄酒,HANDPICKED® Eden Valley Riesling,White,"Australia, South Australia, Eden Valley",2012,12.6,,是,Riesling>;>;>;>;>;>;>;>;,,,,,
RS_S_A_,1,圣密夕薏丝琳,Chateau Ste.Michelle Riesling,Semi-Sweet White,"USA, Washington State, Columbia Valley",2011,11%,2.3,unoaked,Riesling>1;>;>;>;>;>;>;>;,,,,,
RS_S_A_,3,教堂山雷司令甜白葡萄酒,Monchhof Riesling,Sweet white,"Germany, Mosel, ",2011,8%,,12个月,Riesling>1;>;>;>;>;>;>;>;,,,,,
RS_S_A_,4,拉薇精选甜白葡萄酒,La Villum Rheinhessen Riesling Spatlese 2011,Sweet white,"Germany, Rhein-hessen, ",2012,8.5%,,无,Riesling>;Muller-Thurgau>;Silvaner>;>;>;>;>;>;,,,,,
RS_S_B_,2,英雄薏丝琳,Eroica Riesling,Sem- Sweet White,"USA, Washington State, Columbia Valley",2012,1200%,1.66,unoaked ,Riesling>1;>;>;>;>;>;>;>;,,,,,
SANG_A_,1,皮埃尼干红葡萄酒,I PIANI ISOLA DEI NURAGHI I.G.T.,Red,"Italy, North Italy, Sardegna",2010,12.5,,是,Sangiovese>0.25;Carignan>0.5;Grenache>25;>;>;>;>;>;,,,,,
SANG_A_,2,圣安蒂莫红葡萄酒,Rosso Sant'Antimo,Red,"Italy, Tuscany, Rosso Sant'Antimo",2010,14,,是,Sangiovese>1;>;>;>;>;>;>;>;,,,,,
SANG_A_,3,圣克莉斯蒂娜干红葡萄酒,Santa Cristina Red,Red,"Italy, Tuscany, ",2011,13,,是,"Sangiovese>0.6;Cabernet, Merlot, and Syrah>0.4;>;>;>;>;>;>;",,,,,
SANG_A_,5,朵丽塔白标迪诺蒂干红,Rosso dei Notri,Red,"Italy, Tuscany, Suvereto",2012,14,,是,Sangiovese>;Syrah>;Merlot>;>;>;>;>;>;,,,,,
SANG_A_,6,托斯卡纳阿吉娜干红葡萄酒, ARGINE  ROSSO DI TOSCANA,Red,"Italy, Tuscany, 切奇纳产区",2012,13.5%,0.6,否,Sangiovese>1;>;>;>;>;>;>;>;,,,,,
SANG_A_,7,蒙特斯干红葡萄酒,MONTESCUDAIO ROSSO,Red,"Italy, Tuscany, 切奇纳产区",2011,14.0%,0.9,否,Sangiovese>1;>;>;>;>;>;>;>;,,,,,
SANG_A_,8,青雀干红葡萄酒,Cinciorosso,Red,"Italy, Tuscany, Chianti",2011,13.50%,,Unooaked,Sangiovese>0.6;Cabernet Sauvignon>0.2;Syrah>0.15;Merlot>0.05;>;>;>;>;,,,,,
SANG_B_,1,马泽世家，凤都城堡奇安蒂经典红,"Mazzei, Castello Fonterutoli, Chianti Classico DOCG ",Red,"Italy, Tuscany, Chianti",2010,14,,是,Sangiovese>0.85;Cabernet Sauvignon>;Merlot>;>;>;>;>;>;,,,,,
SANG_B_,2,马泽世家，凤都奇安蒂经典红,"Mazzei, Fonterutoli, Chianti Classico DOCG ",Red,"Italy, Tuscany, Chianti",2011,13.5,,是,Sangiovese>0.9;Malvasia Nera>;Colorino >;Merlot>;>;>;>;>;,,,,,
SANG_B_,3,帕德诺-蒂菈干红葡萄酒,"Podernuovo a Palazzone, Therra IGT Toscana",Red,"Italy, Tuscany, ",2010,13.5,,是,Montepulciano >0.5;Sangiovese>0.3;Merlot>0.1;Cabernet Sauvignon>0.1;>;>;>;>;,,,,,
SANG_B_,4,吉奥康多红葡萄酒,Castelgiocondo Brunello di Montalcino DOCG,Red,"Italy, Tuscany, Montalcino",2007,13.5,,是,Sangiovese>1;>;>;>;>;>;>;>;,,,,,
SANG_B_,5,"力宝山路珍藏红, 意大利","Nipozzano Riserva, Chianti Rufina DOCG",Red,"Italy, Tuscany, Chianti",2009,12.50%,,是,Sangiovese>0.9;Cabernet Sauvignon>0.1;>;>;>;>;>;>;,,,,,
SANG_B_,6,布鲁尼诺,Brunello di Montalcino ,Red,"Italy, Tuscany, Montalcino",2006,14.7,,是,Sangiovese>1;>;>;>;>;>;>;>;,,,,,
SANG_B_,7,宝丽凯 托斯卡纳人干红,Tuscanio Rosso,Red,"Italy, Tuscany, ",2009,14.5,,是,Sangiovese>1;>;>;>;>;>;>;>;,,,,,
SANG_B_,8,青雀经典奇昂第干红葡萄酒,Chianti Classico,Red,"Italy, Tuscany, Tuscany",2010,13.50%,,Oaked,Sangiovese>1;>;>;>;>;>;>;>;,,,,,
SANG_B_,9,宝丽贵族红葡萄酒,Pollziano Vino Noblile di Montepilciano,Red,"Italy, North Italy, Trentino",2009,14.00%,,6-9个月,Sangiovese>0.85;Merlot>0.15;Colorino >;>;>;>;>;>;,,,,,
SB_A_,1,谢尼酒庄，豪世之旅长相思珍藏白,"Pierre Chainier, Cour de la Roche Reserve Touraine Sauvignon Blanc, AOP",White,"France, Loire Valley, ",2013,12,,是,Sauvignon Blanc>;>;>;>;>;>;>;>;,,,,,
SB_A_,2,偷猎者赛美容长相思白葡萄酒,Poacher's Semillon Sauvignon Blanc,White,"Australia, South Australia, Barossa Valley",2013,11.5,,是,Semillon>0.55;Sauvignon Blanc>0.35;Riesling>0.1;>;>;>;>;>;,,,,,
SB_A_,3,罗伯多兰牌长相思赛美蓉白葡萄酒,Rob Dolan Sauvignon Blanc Semillon,White,"Australia, South Eastern Australia, Yarra Valley",2013,12.5,,是,Sauvignon Blanc>;Semillon>;>;>;>;>;>;>;,,,,,
SB_A_,4,拉肯阳光长相思,Sol de Rauquen SAUVIGNON BLANC,White,"Chile, CENTRAL VALLEY
中央山谷, CURICO VALLEY
古里科山谷",2012,13%,,unaoked,Sauvignon Blanc>1;>;>;>;>;>;>;>;,,,,,
SB_B_,10,科拉维尼酒庄富马苏维翁干白葡萄酒,Eugenio Collavini Sauvignon Blanc Fumat,White,"Italy, North Italy, Friuli-Venezia Giulia",2012,12.5,,是,Sauvignon Blanc>1;>;>;>;>;>;>;>;,,,,,
SB_B_,11,迪斯潘 家族之风 白葡萄酒 ,Despagne Heritage 1685 Blanc,White,"France, Bordeaux, Entre-Deux-Mers",2012,14.0%,,否,Sauvignon Blanc>0.7;Semillon>0.3;>;>;>;>;>;>;,,,,,
SB_B_,5,法拉利卡诺酒庄，富美白,"Ferrari-Carano, Fumé Blanc",White,"USA, California, Sonoma County",2011,13.8,,是,Sauvignon Blanc>;>;>;>;>;>;>;>;,,,,,
SB_B_,6,顶圣酒庄，长相思白,"St Supéry, Estate Sauvignon Blanc ",White,"USA, California, ",2013,13.5,,是,Sauvignon Blanc>;>;>;>;>;>;>;>;,,,,,
SB_B_,7,航海家庄园长相思赛美蓉白,Voyager Estate Sauvignon Blanc Semillon ,White,"Australia, South Australia, Margaret River",2012,13,,是,Sauvignon Blanc>0.63;Semillon>0.37;>;>;>;>;>;>;,,,,,
SB_B_,8,弗榭酒庄，普依富美白,"Domaine Fouassier, Pouilly Fumé, AOP",White,"France, Loire Valley, ",2012,12.5,,是,Sauvignon Blanc>;>;>;>;>;>;>;>;,,,,,
SB_B_,9,卡萨布兰卡酒庄，尼博山庄系列 长相思白,"Vina Casablanca, Nimbus Estate Sauvignon Blanc ",White,"Chile, Casablanca Valley, ",2013,13.8,,是,Sauvignon Blanc>;>;>;>;>;>;>;>;,,,,,
SB_NZ_A_,1,新玛利庄园珍匣马尔堡长相思2014,Villa Maria Private Bin Marlborough Sauvignon Blanc ,White,"New Zealand, Marlborough, ",2014,12.5%,,是,Sauvignon Blanc>1;>;>;>;>;>;>;>;,,,,,
SB_NZ_A_,2,,Ara Select Blocks Sauvignon Blanc 2012,White,"New Zealand, Marlborough, ",2012,14,,是,Sauvignon Blanc>1;>;>;>;>;>;>;>;,,,,,
SB_NZ_A_,3,米尔路长相思,Mill Road Sauvignon Blanc ,White,"New Zealand, Marlborough, 石溪葡萄园",2013,13.5,,是,Sauvignon Blanc>1;>;>;>;>;>;>;>;,,,,,
SB_NZ_A_,4,百祺马尔堡长相思 ,Babich Marlborough Sauvignon Blanc,White,"New Zealand, Marlborough, N/A",2013,13%,3.9,否,Sauvignon Blanc>1;>;>;>;>;>;>;>;,,,,,
SB_NZ_A_,5,马卡拉卡,Makaraka,White,"New Zealand, Spring Creek, N/A",2013,12.70%,2.2 G/L,N/A,Sauvignon Blanc>1;>;>;>;>;>;>;>;,,,,,
SB_NZ_A_,6,思兰尼酒窖精选长相思白葡萄酒,CELLAR SELECITON SAUVIGNON BLANC,White,"New Zealand, New Zealand, ",2013,,,,Sauvignon Blanc>1;>;>;>;>;>;>;>;,,,,,
SB_NZ_A_,7,,Spy Valley Wines,White,"New Zealand, Marlborough, Waihopai Valley",2013,13%,2.1,unoaked,Sauvignon Blanc>1;>;>;>;>;>;>;>;,,,,,
SB_NZ_A_,8,,"2013 Craggy Range Sauvignon Blanc, Te Muna Road Vineyard, Martinborough",White,"New Zealand, Waipara Valley, Martinborough",2013,13%,1.9,Unoaked,Sauvignon Blanc>1;>;>;>;>;>;>;>;,,,,,
SB_NZ_A_,9,阳光谷-长相思,Matha Hill Sauvignon Blanc,White,"New Zealand, Marlborough, ",2013,13,,否,Sauvignon Blanc>;>;>;>;>;>;>;>;,,,,,
SB_NZ_B_,1,维拉河酒庄，长相思白,"Wairau River, Sauvignon Blanc ",White,"New Zealand, Marlborough, ",2012,13,,是,Sauvignon Blanc>;>;>;>;>;>;>;>;,,,,,
SB_NZ_B_,2,多吉帕特酒庄长相思94系列白葡萄酒,Dog Point Sauvignon Blanc Section 94,White,"New Zealand, Marlborough, ",2010,13,,是,Sauvignon Blanc>1;>;>;>;>;>;>;>;,,,,,
SB_NZ_B_,3,富利来长相思白葡萄酒,Forrest Sauvignon Blanc ,White,"New Zealand, Marlborough, ",2012,12.5,,是,Sauvignon Blanc>;>;>;>;>;>;>;>;,,,,,
SB_NZ_B_,4,马尔堡·噢特优长相思珍藏白葡萄酒,MARLBOROUGH  O：TU  SAUVIGNON BLANC RESERVE WHITE WINE,White,"New Zealand, Marlborough, ",2012,13,,是,Sauvignon Blanc>1;>;>;>;>;>;>;>;,,,,,
SB_NZ_B_,5,,Waimea Sauvignon Blanc,White,"New Zealand, Nelson, Waimea Plains",2013,12.50%,3.7,Unoaked,Sauvignon Blanc>1;>;>;>;>;>;>;>;,,,,,
SH_A_,1,赤葡露,Chapel Road,Red,"New Zealand, Indevin, N/A",2012,12.20%,0.5 G/L,N/A,Syrah>1;>;>;>;>;>;>;>;,,,,,
SH_A_,10,莎普蒂尔奥拉丹干红葡萄酒,M. Chapoutier Occultum Lapidem,Red,"France, Languedoc, ",2012,14%,,无,Syrah>;Grenache>;Carignan>;>;>;>;>;>;,,,,,
SH_A_,11,野性王座色拉子红葡萄酒,Wild Throne Shiraz,Red,"South Africa, Western Cape, ",2012,13,,是,Syrah>1;>;>;>;>;>;>;>;,,,,,
SH_A_,2,思兰尼酒窖精选西拉红葡萄酒,CELLAR SELECTION SYRAH,Red,"New Zealand, New Zealand, ",2012,,,,Syrah>1;>;>;>;>;>;>;>;,,,,,
SH_A_,3,,Elephant Hill Syrah,Red,"New Zealand, Hawkes Bay, Te Awanga",2013,14%,0,Oaked,Syrah>1;>;>;>;>;>;>;>;,,,,,
SH_A_,4,法莱斯科特露丝红葡萄酒,Tenuta Castelbunono-Sagrantino,Red,"Italy, Central Italy, Umbria",2011,14.00%,,,Syrah>1;>;>;>;>;>;>;>;,,,,,
SH_A_,5,莫戈斯堡赤之石,Mourgues de Gres Les Galets Rouges,Red,"France, Rhone Valley, Costieres de Nimes",2011,14,,是,Syrah>0.55;Grenache>0.35;Mourvedre>0.05;Marselan>0.05;>;>;>;>;,,,,,
SH_A_,6,乐珂园西拉干红葡萄酒,"Clos De Lacour Syrah, pay D'Oc, France",Red,"France, Languedoc, 奥克",2013,13.5,,是,Syrah>1;>;>;>;>;>;>;>;,,,,,
SH_A_,7,古月龙干红葡萄酒-西拉,Cave Yves Cuilleron Syrah Vin de Pays des Collines Rhodaniennes,Red,"France, Rhone Valley, 罗纳陵地区",2010,12.5,,是,Syrah>1;>;>;>;>;>;>;>;,,,,,
SH_A_,8,卡特维拉.名承干红葡萄酒, Camplazens Syrah,Red,"France, Languedoc, 奥克产区",2012,15,,是,Syrah>1;>;>;>;>;>;>;>;,,,,,
SH_A_,9,玛丽庄园拉图哲红葡萄酒,CHATEAU MARIS LA TOUGE MINERVOIS LIVINIERES,Red,"France, Languedoc, languedoc ",2010,,,,Syrah>1;>;>;>;>;>;>;>;,,,,,
SH_B_,1,吉博利特砾石区西拉干红葡萄酒,Trinity Hill Gimblett Gravels Syrah,Red,"New Zealand, Hawkes Bay, Gimblett Gravels",2010,14.50%,0.5,Oaked,Syrah>0.99;Viognier>0.005;>;>;>;>;>;>;,,,,,
SH_B_,2,,Ngatarawa Stables Reserve Syrah 2013,Red,"New Zealand, Hawkes Bay, ",2013,13.5%,1.2,Oaked,Syrah>1;>;>;>;>;>;>;>;,,,,,
SH_B_,3,,"2011 Craggy Range Syrah, Gimblett Gravels Vineyard, Hawke's Bay",Red,"New Zealand, Hawkes Bay, Gimblett Gravels",2011,13%,0,Oaked,Syrah>1;>;>;>;>;>;>;>;,,,,,
SH_B_,4,卡萨布兰卡酒庄，尼伯乐顶级特酿红,"Vina Casablanca, Neblus ",Red,"Chile, Casablanca Valley, ",2011,14.5,,是,Syrah>;>;>;>;>;>;>;>;,,,,,
SH_B_,5,胡微乐，米内瓦里维尼红,Domaine Rouviole AOP Minervois La Liviniere ,Red,"France, Languedoc, Minervois",2009,15,,是,Syrah>0.8;Grenache>0.2;>;>;>;>;>;>;,,,,,
SH_B_,6, 费童父子，马迪涅红,"Ferraton Père & Fils,  La Matinière Red, Crozes-Hermitage, AOP",Red,"France, Rhone Valley, ",2011,13,,是,Syrah>;>;>;>;>;>;>;>;,,,,,
SH_B_,7,拉玛赫侯爵干红葡萄酒,LES MARQUISES SYRAH A.O.C.,Red,"France, Rhone Valley, 尼姆海岸Nimes Coast",2010,14,,是,Syrah>1;>;>;>;>;>;>;>;,,,,,
SH_B_,8,拉圣奥邦总督红葡萄酒,Gouverneur Saint Auban Rouge,Red,"France, Rhone Valley, 吕贝隆法定产区",2009,14.5,,是,Syrah>0.75;Grenache>0.15;Mourvedre>0.1;>;>;>;>;>;,,,,,
SH_B_,9,维纳酒庄拉赛欧圣约瑟夫干红葡萄酒2009,Les Vins de Vienne L'Arzelle AOC Saint-Joseph 2009,Red,"France, Rhone Valley, 圣约瑟夫(Saint-Joseph)",2009,14%,,无,Syrah>1;>;>;>;>;>;>;>;,,,,,
SH_AU_A_1_,1,守望者西拉子红葡萄酒,St Hallett,Red,"Australia, South Australia, Barossa Valley",2012,14,,是,Syrah>1;>;>;>;>;>;>;>;,,,,,
SH_AU_A_1_,10,格兰伯爵棉堡设拉子红葡萄酒,GRANT BURGE MIAMBA SHIRAZ,Red,"Australia, , ",2012,,,,Syrah>1;>;>;>;>;>;>;>;,,,,,
SH_AU_A_1_,11,格兰伯爵GB56设拉子红葡萄酒,GRANT BURGE GB 56 SHIRAZ ,Red,"Australia, , ",2012,,,,Syrah>1;>;>;>;>;>;>;>;,,,,,
SH_AU_A_1_,12,格兰伯爵第五代巴罗萨设拉子红葡萄酒,GRANT BURGE 5TH GENERATION BAROSSA SHIRAZ,Red,"Australia, , ",2012,,,,Syrah>1;>;>;>;>;>;>;>;,,,,,
SH_AU_A_1_,2,守望者西拉子混酿红葡萄酒,Gamekeeper's Shiraz Grenache,Red,"Australia, South Australia, Barossa Valley",2010,13.5,,是,Syrah>0.5;Grenache>0.4;Touriga Nacional>0.1;>;>;>;>;>;,,,,,
SH_AU_A_1_,3,天使鱼西拉红葡萄酒,Angelfish Shiraz,Off-Dry Red,"Australia, South Eastern Australia, ",2012,13,,是,Syrah>;>;>;>;>;>;>;>;,,,,,
SH_AU_A_1_,4,天使鱼珊瑚系列西拉红葡萄酒,Angelfish Coral Shiraz,Off-Dry Red,"Australia, South Eastern Australia, ",2012,13,,是,Syrah>;>;>;>;>;>;>;>;,,,,,
SH_AU_A_1_,5,天鹅庄88号窖藏希拉,AUSWAN CREEK BIN88 SHIRAZ,Red,"Australia, South Eastern Australia, ",2012,13.5,,是,Syrah>1;>;>;>;>;>;>;>;,,,,,
SH_AU_A_1_,6,禾富酒园红牌设拉子歌海娜干红葡萄酒,Wolf Blass Red Label Shiraz Grenache,Red,"Australia, South Eastern Australia, ",2012,,,,Syrah>;Grenache>;>;>;>;>;>;>;,,,,,
SH_AU_A_1_,7,禾富酒园红牌设拉子加本力干红葡萄酒,Wolf Blass Red Label Shiraz Cabernet Sauvignon,Red,"Australia, South Eastern Australia, ",2012,,,,Syrah>;Cabernet Sauvignon>;>;>;>;>;>;>;,,,,,
SH_AU_A_1_,8,禾富酒园黄牌设拉子干红葡萄酒,Wolf Blass Yellow Label Shiraz,Red,"Australia, South Australia, ",2011,,,,Syrah>;>;>;>;>;>;>;>;,,,,,
SH_AU_A_1_,9,吧王（领峰）穗乐仙红葡萄酒,Barwang The Wall Shiraz,Red,"Australia, South Eastern Australia, New South Wales",2013,13.50%,5.5,Oaked,Syrah>1;>;>;>;>;>;>;>;,,,,,
SH_AU_A_2_,1,安戈瓦朗路西拉,Angove Long Row Shiraz 2012,Red,"Australia, South Australia, ",2012,14.5,,,Syrah>;>;>;>;>;>;>;>;,,,,,
SH_AU_B_1_,1,红标色拉子红葡萄酒,Red Seal Shiraz,Red,"Australia, South Australia, ",2009,15,,是,Syrah>1;>;>;>;>;>;>;>;,,,,,
SH_AU_B_1_,10,首彩签名系列西拉红葡萄酒,HANDPICKED® SIGNATURE BY ROLF BINDER Shiraz Barossa,Red,"Australia, South Australia, Barossa Valley",2010,14,,是,Syrah>;>;>;>;>;>;>;>;,,,,,
SH_AU_B_1_,11,杰罗莎 百年老藤 巴罗莎山谷 西拉子 干红 葡萄酒,Jarressa Estate Barossa Valley Old Vine Shiraz,Red,"Australia, South Australia, Barossa Valley",2008,14.5,,是,Syrah>1;>;>;>;>;>;>;>;,,,,,
SH_AU_B_1_,12,天鹅庄孔雀珍藏希拉,Auswan Creek Peacock  Reverse Shiraz,Red,"Australia, South Australia, McLaren Vale",2012,15,,是,Syrah>1;>;>;>;>;>;>;>;,,,,,
SH_AU_B_1_,2,格雷策安普瑞娜红,Glaetzer Anaperenna ,Red,"Australia, South Australia, Barossa Valley",2012,15,,是,Syrah>0.72;Cabernet Sauvignon>0.28;>;>;>;>;>;>;,,,,,
SH_AU_B_1_,3,可利庄园，西拉红,Coriole Estate Grown Shiraz ,Red,"Australia, South Australia, McLaren Vale",2011,14,,是,Syrah>;>;>;>;>;>;>;>;,,,,,
SH_AU_B_1_,4,凯斯勒石马西拉红葡萄酒,Kaesler Stonehorse Shiraz,Red,"Australia, South Australia, Barossa Valley",2010,14.5%,,是,Syrah>1;>;>;>;>;>;>;>;,,,,,
SH_AU_B_1_,5,2011亨特利酒庄野兽红葡萄酒,2011 Hentley Farm The Beast Shiraz,Red,"Australia, South Australia, Barossa Valley",2011,14.6,,是,Syrah>1;>;>;>;>;>;>;>;,,,,,
SH_AU_B_1_,6,2012亨特利酒庄美女红葡萄酒,2012 Hentley Farm The Beauty Shiraz,Red,"Australia, South Australia, Barossa Valley",2012,14.5,,是,Syrah>1;>;>;>;>;>;>;>;,,,,,
SH_AU_B_1_,7,2012亨特利酒庄西拉子红葡萄酒,2012 Hentley Farm Shiraz,Red,"Australia, South Australia, Barossa Valley",2012,14.6,,是,Syrah>1;>;>;>;>;>;>;>;,,,,,
SH_AU_B_1_,8,黛伦堡喜鹊红葡萄酒,d'Arenberg The Laughing Magpie,Red,"Australia, South Australia, McLaren Vale",2009,14.2,,是,Syrah>0.93;Viognier>0.07;>;>;>;>;>;>;,,,,,
SH_AU_B_1_,9,黛伦堡枯藤西拉红葡萄酒,d'Arenberg The Dead Arm Shiraz,Red,"Australia, South Australia, McLaren Vale",2009,14.5,,是,Syrah>1;>;>;>;>;>;>;>;,,,,,
SH_AU_B_2_,1,天鹅庄大师之选干红葡萄酒希拉,Auswan Creek Master Selection Shiraz,Red,"Australia, South Australia, Barossa Valley",2011,14.5,,是,Syrah>1;>;>;>;>;>;>;>;,,,,,
SH_AU_B_2_,10,安戈瓦家族勋章西拉,Angove Family Crest Shiraz,Red,"Australia, South Australia, McLaren Vale",2012,14,,有,Syrah>;>;>;>;>;>;>;>;,,,,,
SH_AU_B_2_,11,卢福石西拉,Rufus Stone Shiraz,Red,"Australia, Western Australian, ",2010,14.0%,,是,Syrah>1;>;>;>;>;>;>;>;,,,,,
SH_AU_B_2_,2,天鹅庄探索系列希拉维奥尼尔,Auswan Creek Discovery Shiraz Viognier,Red,"Australia, South Australia, Clare Valley",2012,14.5,,是,Syrah>;Viognier>;>;>;>;>;>;>;,,,,,
SH_AU_B_2_,3,天鹅庄1908单一百年葡园希拉,Auswan Creek 1908 Single Centenarian Vineyard Shiraz,Red,"Australia, South Australia, Barossa Valley",2012,15,,是,Syrah>1;>;>;>;>;>;>;>;,,,,,
SH_AU_B_2_,4,禾富酒园总统特选设拉子干红葡萄酒,Wolf Blass Presidents Selection Shiraz,Red,"Australia, South Australia, ",2011,,,,Syrah>;>;>;>;>;>;>;>;,,,,,
SH_AU_B_2_,5,禾富酒园金牌设拉子干红葡萄酒,Wolf Blass Gold Label Shiraz,Red,"Australia, South Australia, Barossa Valley",2011,,,,Syrah>;>;>;>;>;>;>;>;,,,,,
SH_AU_B_2_,6,禾富酒园灰牌设拉子加本力干红葡萄酒,Wolf Blass Grey Label Shiraz Cabernet,Red,"Australia, South Australia, Robe Mt Benson",2009,,,,Syrah>;Cabernet Sauvignon>;>;>;>;>;>;>;,,,,,
SH_AU_B_2_,7,禾富酒园白金牌设拉子干红葡萄酒,Wolf Blass Platinum Label Shiraz,Red,"Australia, South Australia, Barossa Valley",2006,,,,Syrah>;>;>;>;>;>;>;>;,,,,,
SH_AU_B_2_,8,礼拜山  麦克拉伦谷 西拉干红葡萄酒,Chapel Hill McLaren Vale Shiraz,Red,"Australia, South Australia, McLaren Vale",2011,15%,,,Syrah>1;>;>;>;>;>;>;>;,,,,,
SH_AU_B_2_,9,礼拜山  教皇西拉干红葡萄酒,Chapel Hill 'The Vicar' Shiraz,Red,"Australia, South Australia, McLaren Vale",2011,14.50%,,,Syrah>1;>;>;>;>;>;>;>;,,,,,
SPAR_1_A_,1,思兰尼酒窖精选长相思天然型起泡酒,CELLAR SELECTION SPARKLING SAUVIGNON BLANC,White-Sparkling,"New Zealand, New Zealand, ",NV,,,,Sauvignon Blanc>1;>;>;>;>;>;>;>;,,,,,
SPAR_1_A_,2,思兰尼酒窖精选天然型起泡葡萄酒,CELLAR SELECTION BRUT SPARKLING CHARDONNAY (ZORK) SILENI ESTATES HAWKS BAY,White-Sparkling,"New Zealand, New Zealand, ",NV,,,,Chardonnay>1;>;>;>;>;>;>;>;,,,,,
SPAR_1_A_,3,凯迪拉约厄普西隆金标绝干起泡葡萄酒,EPSILON GOLD SPUMANTE EXTRA DRY  ,White-Sparkling,"Italy, Veneto , VENETO",NV,,,,Glera>1;>;>;>;>;>;>;>;,,,,,
SPAR_1_A_,4,莎黛特起泡葡萄酒,Zardetto Prosecco Brut,White-Sparkling,"Italy, Veneto , ",NV,13,,是,Glera>1;>;>;>;>;>;>;>;,,,,,
SPAR_1_A_,5,圣禧维拉普罗塞克起泡葡萄酒,Sensi Villa Calappiano Prosecco,White-Sparkling,"Italy, Veneto , ",2012,11,,是,Prosecco>1;>;>;>;>;>;>;>;,,,,,
SPAR_1_A_,6,瑟达克，1号起泡葡萄酒,"Sieur d’Arques, Premiere Bulle, Blanquette de Limoux, AOP ",White-Sparkling,"France, Languedoc, Limoux",2011,12,,是,Mauzac>0.9;Chardonnay>0.05;Chenin Blanc>0.05;>;>;>;>;>;,,,,,
SPAR_1_A_,7,雍廷 萃珍妮起泡葡萄酒,ANTECH Cuvee Eugenie,White-Sparkling,"France, Languedoc, Limoux",2010,12,,是,Chardonnay>0.7;Chenin Blanc>0.2;Mauzac>0.1;>;>;>;>;>;,,,,,
SPAR_1_A_,8,马萨德萨达纳卡瓦起泡酒,Cava Mas Sardana,White-Sparkling,"Spain, Catalunya, ",NV,11.5,,是,Xarello >0.5;Macabeo >0.25;Parellada>0.25;>;>;>;>;>;,,,,,
SPAR_1_B_,1,法拉利起泡葡萄酒,Ferrari Brut Metodo Classico,White-Sparkling,"Italy, North Italy, Trentino",NV,12.50%,,,Chardonnay>1;>;>;>;>;>;>;>;,,,,,
SPAR_1_B_,2,圣安娜.密码普若赛科起泡葡萄酒,Tenuta S.Anna Prosecco Millesimato,White-Sparkling,"Italy, Veneto , ",NV,11.50%,,,Prosecco>1;>;>;>;>;>;>;>;,,,,,
SPAR_1_B_,3,阿格欧普洛赛克起泡葡萄酒,Argeo Prosecco Treviso,White-Sparkling,"Italy, Veneto , ",NV,11,,是,Glera>1;>;>;>;>;>;>;>;,,,,,
SPAR_1_B_,4,鲁杰里佳鲁瓦宝迪起泡葡萄酒,GIALL’ORO VALDOBBIADENE PROSECCO SUPERIORE DOCG EXTRA DRY,White-Sparkling,"Italy, Veneto , ",NV,11,,是,Glera>1;>;>;>;>;>;>;>;,,,,,
SPAR_1_B_,5,鲁杰里娇天龙起泡葡萄酒,GIUSTINO B. VALDOBBIADENE PROSECCO SUPERIORE DOCG EXTRA DRY,White-Sparkling,"Italy, Veneto , VALDOBBIADENE PROSECCO SUPERIORE DOCG",2012,11,,是,Glera>1;>;>;>;>;>;>;>;,,,,,
SPAR_1_B_,6,乐蕾珍藏香槟,Champagne Lallier Grand Cru Grande Réserve Brut,White-Sparkling,"France, Champagne, ",NV,12.5,,是,Pinot Noir>65%;Chardonnay>35% ;>;>;>;>;>;>;,,,,,
SPAR_1_B_,7,杜洛儿霞多丽香槟,Duval-Leroy Blanc de Chardonnay Millésimé ,White-Sparkling,"France, Champagne, ",2004,12.5,,是,Chardonnay>;>;>;>;>;>;>;>;,,,,,
SPAR_2_A_,1,维达斯半干起泡葡萄酒,Segura Viudas Semi Seco,Off-dry White Sparkling,"Spain, Catalunya, Penedes",NV,13,,是,Viura>0.6;Parellada>25%;Xarello>0.15;>;>;>;>;>;,,,,,
SPAR_2_A_,2,圣马利佐莫斯卡托低醇白葡萄酒,SANMAURIZIO VALLEBELBO MOSCATO DASTI,Off-dry White Sparkling,"Italy, Piedmont, MOSCATO D ASTI",2013,,,,Moscato>1;>;>;>;>;>;>;>;,,,,,
SPAR_2_A_,3,托索阿诗蒂玫瑰香起泡葡萄酒,TOSO ASTI MOSCATO SPUMANTE,Sweet White Sparkling,"Italy, Piedmont, Asti",2012,7.0%,92,否,Moscato>1;>;>;>;>;>;>;>;,,,,,
SPAR_2_A_,4,潘丽赛罗酒庄，甜起泡葡萄酒,"Pelissero, Moscato d'Asti ",Sweet White Sparkling,"Italy, Piedmont, ",2013,5.5,,是,Moscato>;>;>;>;>;>;>;>;,,,,,
SPAR_3_A_,1,凯迪拉约绝干桃红起泡葡萄酒,SPUMANTE ROSATO EXTRA DRY,Rose Sparkling,"Italy, Veneto , ",NV,,,,RABOSO PIAVE>0.7;Glera>0.3;>;>;>;>;>;>;,,,,,
SPAR_3_A_,2,傲牧园庄园桃红起泡,Masseria Altemura Sasseo,Rose Sparkling,"Italy, South Italy, Salento",NV,14.5%,,是,Primitivo>1;>;>;>;>;>;>;>;,,,,,
SPAR_3_A_,3,比索酒庄，卓尔系列桃红起泡酒,"Bisol, Jeio Cuvée Rosé, Sparkling Rose Brut ",Rose Sparkling,"Italy, Veneto, Valdobbiadene",NV,11.5,,是,Merlot>;Pinot Noir>;>;>;>;>;>;>;,,,,,
SPAR_3_A_,5,贝尔坡圣马丽佐巴卡多低醇起泡葡萄酒,VS R.BRACHETTO D ACQUI DOP SANMAURIZIO,Red Sparkling,"Italy, Piedmont, BRACHETTO D ACQUI",NV,,,,BRACHET>1;>;>;>;>;>;>;>;,,,,,
SPAR_3_B_,4,杜洛儿桃红香槟,Duval-Leroy Rosé,Rose Sparkling,"France, Champagne, ",NV,12,,是,Pinot Noir>;Chardonnay>;>;>;>;>;>;>;,,,,,
TEMP_A_,1,朱卡迪Q系列天帕尼罗红葡萄酒,Zuccardi Q Tempranillo,Red,"Argentina, Mendoza, ",2009,13,,是,Tempranillo>1;>;>;>;>;>;>;>;,,,,,
TEMP_A_,2,堡蔻特选红葡萄酒,HORTUS TINTO,Red,"Spain, Ribera del Duero, ",2011,13.5,,是,Tempranillo>;>;>;>;>;>;>;>;,,,,,
TEMP_A_,3,桃乐丝精选星空,Celeste,Red,"Spain, Ribera del Duero, ",2010,14.0%,,是,Tempranillo>1;>;>;>;>;>;>;>;,,,,,
TEMP_B_,4,摩罗酒庄，摩罗艾美红,"Emilio Moro, Emilio Moro, DO ",Red,"Spain, Ribera del Duero, ",2009,14.5,,是,Tempranillo>;>;>;>;>;>;>;>;,,,,,
TEMP_B_,5,瑞索特大师级,Resalte Gran Reserva ,Red,"Spain, Ribera del Duero, ",2001,14,,是,Tempranillo>1;>;>;>;>;>;>;>;,,,,,
TEMP_B_,6,瑞索特标准级,Resalte Crianza,Red,"Spain, Ribera del Duero, ",2006,15,,是,Tempranillo>1;>;>;>;>;>;>;>;,,,,,
TEMP_B_,7,首彩丹魄红葡萄酒,HANDPICKED®TEMPRANILLO,Red,"Spain, Calatayud, ",2009,14,,是,Tempranillo>;>;>;>;>;>;>;>;,,,,,
TEMP_B_,8,涛乐蜜诺兰红葡萄酒,Torremilanos 2010 Crianza,Red,"Spain, Ribera del Duero, ",2010,14,,是,Tempranillo>1;>;>;>;>;>;>;>;,,,,,
TEMP_RIOJA_A_,1,帝国田园特级珍藏,Campo Viejo Gran Reserva,Red,"Spain, Rioja, ",2005,13.5,,是,Tempranillo>0.85;Graciano>0.1;Mazuelo>;>;>;>;>;>;,,,,,
TEMP_RIOJA_A_,2,笛西尼优选干红葡萄酒,Decenio Crianza DOCa Rioja,Red,"Spain, Rioja, ",2009,14,,是,Tempranillo>1;>;>;>;>;>;>;>;,,,,,
TEMP_RIOJA_A_,3,维纳扎克红葡萄酒,Vina Zaco,Red,"Spain, Rioja, ",2010,14,,是,Tempranillo>1;>;>;>;>;>;>;>;,,,,,
TEMP_RIOJA_A_,4,维纳泊漠珍藏红葡萄酒,VINA POMAL RESERVA,Red,"Spain, Rioja, ",2008,14,,是,Tempranillo>1;>;>;>;>;>;>;>;,,,,,
TEMP_RIOJA_A_,5,维纳泊漠佳酿红葡萄酒,VINA POMAL CRIANZA,Red,"Spain, Rioja, ",2009,14,,是,Tempranillo>1;>;>;>;>;>;>;>;,,,,,
TEMP_RIOJA_A_,6,皇家蒙特窖藏红葡萄酒,MONTE REAL RESERVA,Red,"Spain, Rioja, ",2006,14.00%,,是，24个月,Tempranillo>1;>;>;>;>;>;>;>;,,,,,
TEMP_RIOJA_B_,1,马尔格斯精选干红葡萄酒,MARQUES DE ELCIEGO SELECCION,Red,"Spain, Rioja, Alavesa",2009,14,,是,Tempranillo>1;>;>;>;>;>;>;>;,,,,,
TEMP_RIOJA_B_,2,威萨希特陈酿干红葡萄酒,VINA SALCEDA RESERVA,Red,"Spain, Rioja, Alavesa",2008,13.5,,是,Tempranillo>0.85;Graciano>0.15;>;>;>;>;>;>;,,,,,
TEMP_RIOJA_B_,3,伊休斯珍藏,Ysios Reserva,Red,"Spain, Rioja, Alavesa",2006,14.5,,是,Tempranillo>1;>;>;>;>;>;>;>;,,,,,
TEMP_RIOJA_B_,4,奥卡山谷干红葡萄酒,Pagos de Valdeorca DOCa Rioja,Red,"Spain, Rioja, ",2005,14,,是,Tempranillo>1;>;>;>;>;>;>;>;,,,,,
TEMP_RIOJA_B_,5,堡石藏酿红葡萄酒,LITHOS VITIS CRIANZA,Red,"Spain, Rioja, ",2009,13.5,,是,Tempranillo>;>;>;>;>;>;>;>;,,,,,
TEMP_RIOJA_B_,6,拉芬达特级珍藏红葡萄酒,LA VICALANDA GRAN RESERVA,Red,"Spain, Rioja, ",2005,13.5,,是,Tempranillo>1;>;>;>;>;>;>;>;,,,,,
TEMP_RIOJA_B_,7,拉芬达珍藏红葡萄酒,La Vicalanda Reserva,Red,"Spain, Rioja, ",2008,14,,是,Tempranillo>1;>;>;>;>;>;>;>;,,,,,
TEMP_RIOJA_B_,8,,Muriel 2004 Gran Reserva ,Red,"Spain, Rioja, ",2004,13,,是,Tempranillo>1;>;>;>;>;>;>;>;,,,,,
TEMP_RIOJA_B_,9,贝尔莱第三纪元干红葡萄酒,Beronia III.AC 2008,Red,"Spain, Rioja, 上里奥哈(Rioja Alta)",2010,14%,,18个月,Tempranillo>0.92;Grenache>0.04;Mazuelo>0.04;>;>;>;>;>;,,,,,
VENETO_A_,1,艾格尼Corte Giara瓦波利切拉里帕索红葡萄酒,CORTE GIARA RIPASSO VALPOLICELLA,Red,"Italy, Veneto , ",2011,,,,Corvina>0.7;Rondinella>0.3;>;>;>;>;>;>;,,,,,
VENETO_A_,2,艾格尼瓦波利切拉红葡萄酒,ALLEGRINI VALPOLICELLA,Red,"Italy, Veneto , ",2012,,,,Corvina>0.65;Rondinella>0.3;Molinara>0.05;>;>;>;>;>;,,,,,
VENETO_A_,3,艾格尼瓦Corte Giara波利切拉红葡萄酒,CORTE GIARA VALPOLICELLA,Red,"Italy, Veneto , ",2012,,,,Corvina>0.75;Rondinella>0.2;Molinara>0.05;>;>;>;>;>;,,,,,
VENETO_A_,4,桑托利酒庄维罗纳红葡萄酒,Sartori RV Rosso Veronese IGT,Red,"Italy, Veneto , ",2012,13%,,无,Corvina>;Merlot>;Cabernet Sauvignon>;>;>;>;>;>;,,,,,
VENETO_B_,5,思倍瑞.阿玛罗尼经典红葡萄酒,Speri Amarone Della Valp.DOC.Class,Red,"Italy, Veneto , Amarone",2008,15,,是,Corvina Veronese>0.7;Rondinella>0.25;Molinara> 5%;>;>;>;>;>;,,,,,
VENETO_B_,6,托马斯酒庄，艾瑞丽红,"Tommasi, ""Arele"" Appassimento, IGT ",Red,"Italy, Veneto , ",2011,13,,是,Corvina>;Rondinella>;Oseleta>;Merlot>;>;>;>;>;,,,,,
VENETO_B_,7,阿玛罗尼经典巴维诺干红葡萄酒, AMARONE DELLA VALPOLICELLA PAVERNO CLASSICO,Red,"Italy, Veneto , Vapolicella",2010,15.5%,4.6,是,Corvina>0.7;Rondinella>0.25;Molinara>0.05;>;>;>;>;>;,,,,,
,,,,,,,,,,,,,,,
,,,,,,,,,,,,,,,